1	6	0,0	0,0	　　　　　　　　　　　　　　　　　　　　　　　　　　　　　　　　　　　　　　　　　　　　　　　　　　　　　　　　　　　　　　　　　　　　　　　　　　　　　　　　　　　　　　　　　　　　　　　　　　　　　　　　　　　　　　　　　　　　　　　　　　　　　　　　　　　　　　　　　　　　　　　　　　　　　　　　　　　　　　　　　　　　　　　　　　　　　　　　　　　　　　　　　　　　　　　　　　　　　　　　　　　　　　　　　　　　　　　　　　　　　　　　　　　　　　　　　　　　　　　　　　　　　　　　　　　　　　　　　　　　　　　　　　　　　　　　　　　　　　　　　　　　　　　　　　　　　　　　　　　　　　　　　　　　　　　　　　　　　　　　　　　　　　　　　　　　　　　　　　　　　　　　　　　　　　　　　　　　　　　　　　　　　　　　　　　　　　　　　　　　　　　　　　　　　　　　　　　　　　　　　　　　　　　　　　　　　　　　　　　　　　　　　　　　　　　　　　　　　　　　　　　　　　　　　　　　　　　　　　　　　　　　　　　　　　　　　　　　　　　　　　　　　　　　　　　　　　　　　　　　　　　　　　　　　　　　　　　　　　　　　　　　　　　　　　　　　　　　　　　　　　　　　　　　　　　　　　　　　　　　　　　　　　　　　　　　　　　　　　　　　　　　　　　　　　　　　　　　　　　　　　　　　　　　　　　　　　　　　　　　　　　　　　　　　　　　　　　　　　　　　　　　　　　　　　　　　　　　　　　　　　　　　　　　　　　　　　　　　　　　　　　　　　　　　　　　　　　　　　　　　　　　　　　　　　　　　　　　　　　　　　　　　　　　　　　　　　　　　　　　　　　　　　　　　　　　　　　　　　　　　　　　　　　　　　　　　　　　　　　　　　　　　　　　　　　　　　　　　　　　　　　　　　　　　　　　　　　　　　　　　　　　　　　　　　　　　　　　　　　　　　　　　　　　　　　　　　　　　　　　　　　　　　　　　　　　　　　　　　　　　　　　　　　　　　　　　　　　　　　　　　　　　　　　　　　　　　　　　　　　　　　　　　　　　　　　　　　　　　　　　　　　　　　　　　　　　　　　　　　　　　　　　　　　　　　　　　　　　　　　　　　　　　　　　　　　　　　　　　　　
2	654	0,0	0,0	Ah,　there　you　are。 / Your　dedicated　work　in　my　LAB / has　been　much　appreciated。 / And　now,　your　fieldwork / assignment　is　about　to　begin。
3	1002	0,0	0,0	As　you　know,　at　the　heart　of / my　research　is　the　relationship / between　POKひMON　and　people。。。
4	1296	0,0	0,0	。。。How　they　grow　together / through　trust,　battle, / friendship。。。 / Even　evolution　may　be　shaped / by　those　bonds。
5	1614	0,0	0,0	But　to　understand　this,　you / need　to　go　where　they　live。 / The　towns,　forests,　caves, / shorelines,　and　old　ruins。 / I　am　too　old　for　fieldwork　now, / but　you　are　just　the　right　age / for　this　expedition。
6	2280	0,0	0,0	Now　tell　me　for　your / FIELD　AIDE　record。
7	2472	0,0	0,0	Are　you　a　boy　or　a　girl？
8	2610	0,0	0,0	And　how　do　you　spell / your　name？
9	3300	0,0	0,0	And how do you spell / your name?
10	4776	0,0	0,0	Right… / RED.
11	4980	0,0	0,0	This is my grandson. / Like you, he has been helping / with my research here in / PALLET TOWN. / His name is...
12	5352	0,0	0,0	His name is BLUE?
13	5472	0,0	0,0	Yes. / His name is BLUE. /
14	5676	0,0	0,0	RED! / KANTO is waiting beyond the LAB. / Observe carefully, learn directly, / and trust the POKéMON at your side. / Your fieldwork begins now.
15	6342	4,1	6,6	RED played with the NES. / …Okay! / It’s time to go!
16	11136	3,0	12,1	OAK: Wait! / Don’t leave yet!
17	11502	3,0	12,1	OAK: It’s unsafe! / POKéMON live in tall grass. / You need your own POKéMON for / your protection. / Come with me.
18	12504	4,3	6,4	BLUE: Gramps! / I’m fed up with waiting!
19	13296	4,3	6,4	OAK: Ah, BLUE! / Good, you’re both here. / You have both helped in this LAB / for some time. / This summer, I need you as / field aides. / It is time you studied KANTO / directly, beyond the LAB.
20	13932	4,3	6,4	BLUE: If we’re doing fieldwork, / then we need POKéMON.
21	14106	4,3	6,4	OAK: Exactly, BLUE. / Fieldwork cannot be done safely / without partners of your own. / These 3 were recently sent / to me by another researcher in ALOLA. / My cousin SAMSON OAK. / They’re young, but they’re / bright, adaptable, and well suited / for fieldwork. / Choose carefully.
22	16884	4,3	10,5	Ah! CHARMANDER is your choice. / You should raise it patiently. / So, RED, you’re claiming the / FIRE POKéMON CHARMANDER?
23	17214	4,3	10,5	This POKéMON is really quite / energetic!
24	17364	4,3	10,5	RED received the CHARMANDER / from PROF. OAK!
25	17652	4,3	10,5	Do you want to give a nickname to / this CHARMANDER?
26	19140	4,3	10,5	BLUE: I’ll take this one, then!
27	19266	4,3	10,5	BLUE received the SQUIRTLE / from PROF. OAK!
28	23682	4,3	6,8	BLUE: Wait, RED! / Let’s check out our POKéMON! / Come on, I’ll take you on!
29	27540	4,3	6,8	WHAT? / Unbelievable! / I picked the wrong POKéMON!
30	27930	4,3	6,8	OAK: That’s enough.
31	28074	4,3	6,8	OAK: Both of you, over here. / There’s something important / you need to hear before / you begin.
32	28614	4,3	6,4	OAK: I have a request for you two.
33	28800	4,3	6,4	On the desk here is my / invention, the POKéDEX! / It records the POKéMON you see / and catch. / It’ll help us understand how / they live across KANTO.
34	29238	4,3	6,4	OAK: RED and BLUE. / Take these with you. / Record what you find and / come back wiser.
35	29586	4,3	6,4	RED received the POKéDEX / from PROF. OAK.
36	29754	4,3	6,4	OAK: Seeing POKéMON is useful, / but catching them teaches you more. / Travel with them. / Battle with them. / That is how real understanding / begins. / Take these POKé BALLS with you.
37	30276	4,3	6,4	RED received five POKé BALLS!
38	30420	4,3	6,4	RED put the POKé BALLS / in the POKé BALLS.
39	30546	4,3	6,4	OAK: Furthermore, pay attention / to how the GYM LEADERS in / KANTO treat their POKéMON. / They know more than strength / alone. / There is much to learn from them.
40	31002	4,3	6,4	BLUE: Heh. Fine by me. / I’ll be finished learning / everything worth knowing before / you’ve even caught up. / Try not to fall too far behind.
41	31416	4,3	6,4	OAK: We’ll see. / Power and understanding / rarely arrive at the same time. / Off you go, then. / Your expedition begins now.
42	45876	3,1	20,13	My father once told me he / ventured deep into VIRIDIAN / FOREST. / He heard the grumbling growls of / a shadowy figure lurking within.
43	46326	3,1	20,13	Rumour recorded.
44	53724	3,12	8,77	BLUE: Ha! Hey, RED. / Bet you’re heading to PEWTER! / Still thinking like a tourist, / huh? / Everyone acts like KANTO is / one straight road. / There are better leads through / DIGLETT’S CAVE, VIRIDIAN / CHANNEL, and the ferry south / of PALLET. / So, go on. / Pick the obvious road if you want. / I’ll be doing actual fieldwork.
45	55410	3,12	7,53	I’m too scared to enter / VIRIDIAN FOREST. / Legends tell of the forest / coming alive and ensnaring the / wicked, never to be seen again.
46	55842	3,12	7,53	Rumour updated.
47	58158	3,10	22,22	CUBONE: Kyoo!
48	58242	3,10	22,22	Rumour recorded.
49	59478	1,0	20,45	VIRIDIAN FOREST
50	63654	1,0	20,45	The flowers in VIRIDIAN FOREST / are so beautiful. / They seem more vibrant and grow / in number the closer you get to / the centre of the forest. / Almost like something is drawing / them inward.
51	64242	1,0	20,45	Rumour updated.
52	65196	1,0	34,33	GREEEAOW!
53	70644	1,0	34,33	TANGROWTH vanished into the / flowers!
54	72516	1,90	10,5	LANCE: This is where / I lost sight of them. / GIOVANNI’s signal was / breaking. / MEWTWO was beginning to / choose for itself.
55	72972	1,90	9,8	GIOVANNI: The signal / still holds. / MEWTWO, return to me.
56	73278	1,90	9,8	MEWTWO: GYAAOOO! / LANCE: It’s rejecting / his control!
57	73566	1,90	9,8	GIOVANNI: MEWTWO! / You will not escape me. / Not again!
58	73878	1,90	10,5	LANCE: It fled north. / GIOVANNI followed it toward / CERULEAN CAVE.
59	74754	1,70	7,17	CERULEAN CAVE
60	75024	1,70	7,16	GIOVANNI: So this is the answer. / I poured wealth, science, and will / into creating absolute power. / Yet when it stood before me, no / order I gave could bind it. / Not force. Not fear. / Not even the strongest BALLS. / It has judged me unworthy. / Perhaps you will fare better. / Go on, then. / Show me what power answers to / when it refuses to answer to me.
61	77586	1,90	10,5	LANCE: This is where / I lost sight of them. / GIOVANNI’s signal was / breaking. / MEWTWO was beginning to / choose for itself.
62	78042	1,90	9,8	GIOVANNI: The signal / still holds. / MEWTWO, return to me.
63	78342	1,90	9,8	MEWTWO: GYAAOOO! / LANCE: It’s rejecting / his control!
64	78636	1,90	9,8	GIOVANNI: MEWTWO! / You will not escape me. / Not again!
65	78906	1,90	10,5	LANCE: This is where / I lost sight of them. / GIOVANNI’s signal was / breaking. / MEWTWO was beginning to / choose for itself.
66	79302	1,90	9,8	GIOVANNI: The signal / still holds. / MEWTWO, return to me.
67	79602	1,90	9,8	MEWTWO: GYAAOOO! / LANCE: It’s rejecting / his control!
68	79896	1,90	9,8	GIOVANNI: MEWTWO! / You will not escape me. / Not again!
69	80166	1,90	10,5	LANCE: This is where / I lost sight of them. / GIOVANNI’s signal was / breaking. / MEWTWO was beginning to / choose for itself.
70	82872	1,70	7,13	CERULEAN CAVE
71	85176	1,90	10,5	LANCE: This is where / I lost sight of them. / GIOVANNI’s signal was / breaking. / MEWTWO was beginning to / choose for itself.
72	85632	1,90	9,8	GIOVANNI: The signal / still holds. / MEWTWO, return to me.
73	85932	1,90	9,8	MEWTWO: GYAAOOO! / LANCE: It’s rejecting / his control!
74	86226	1,90	9,8	GIOVANNI: MEWTWO! / You will not escape me. / Not again!
75	86538	1,90	10,5	LANCE: It fled north. / GIOVANNI followed it toward / CERULEAN CAVE.
76	86886	1,90	10,5	Rumour recorded.
77	87030	1,90	10,5	LANCE: It fled north. / GIOVANNI followed it toward / CERULEAN CAVE.
78	89832	1,70	7,13	CERULEAN CAVE
79	92940	1,70	7,13	OAK: The POKéDEX is struggling / to classify that presence. / MEWTWO’s power is not natural / instinct alone. / It is a question we created / but do not understand.
80	93510	1,70	7,13	GIOVANNI: So that is the difference. / I tried to possess MEWTWO. / You faced it as a TRAINER. / Perhaps absolute power was never / something a person could own. / There is nothing left for me / to take from this place.
