1	6	4,1	6,6	AAAAAAA! / KANTO is waiting beyond the LAB. / Observe carefully, learn directly, / and trust the POKéMON at your side. / Your fieldwork begins now.
2	13392	6,2	6,6	So, we meet again. / Back in MT. MOON, I didn’t / introduce myself properly. / I’m BROCK. / PEWTER CITY’s GYM LEADER. / You showed a keen eye for / fossils out there. / But finding fragments is only / part of the story. / Understanding how they connect... / that’s where true strength lies. / There’s something I want to show / you about evolution. / But first-you’ll have to / defeat me in battle. / Let’s see what you’ve learned!ÎカÀ
3	15744	6,2	6,6	I took you for granted... / and I lost. / You understood more than / just the battle.
4	16050	6,2	6,6	Wait. / Take this- / the BOULDERBADGE. / And with it, the key to / the CINNABAR LAB.
5	16176	6,2	6,6	AAAAAAA received the BOULDER KEY / from BROCK.
6	16344	6,2	6,6	AAAAAAA put the BOULDER KEY / in the KEY ITEMS.
7	16416	6,2	6,6	The BOULDERBADGE grants access / to the CINNABAR LAB. / That’s where fossils are studied / and restored. / But fossils aren’t the only way / to study the past. / Some POKéMON never vanished. / They still live... unchanged. / Deep below ROCK TUNNEL, / ancient waters shelter POKéMON / older than anything restored. / Find one. Bring it to me. / Then I’ll show you another kind / of evolution.
8	17562	7,5	8,8	Hey! You made it back! / Thanks for guiding me through / ROCK TUNNEL’s currents. / The POWER PLANT is stable again, / and I learned a lot watching how / you handled the flow. / Water is beautiful because it / changes without losing itself. / Now it’s time for an official / GYM challenge. / My policy is an all-out offensive / with WATER-type POKéMON!ÎカÀ
9	20220	7,5	8,8	Wow! / You’re too much! / All right! / You can have the CASCADEBADGE to / show you beat me.
10	20550	7,5	8,8	You can have the CASCADEBADGE. / And with it, take this board. / It will carry you across water.
11	20676	7,5	8,8	AAAAAAA received the CASCADE BOARD / from MISTY.
12	20850	7,5	8,8	AAAAAAA put the CASCADE BOARD / in the KEY ITEMS.
13	20916	7,5	8,8	That BADGE marks a real change / in your journey. / Keep building your FIELD AIDE / record, and outsider POKéMON / will trust you more. / A puny fish can become a mighty, / raging POKéMON. / That’s the beauty of change. / Bring me that GYARADOS. / Then I’ll show you trade evolution / with a natural held item.
14	21978	9,6	5,3	So, you made it back, kid! / I’m LT. SURGE. / VERMILION CITY’s GYM LEADER. / You handled VOLT TACKLE training / without flinching. / That takes nerve! / Power isn’t handed to you. / You train until you can hold it! / But a GYM battle is combat! / No holding back! / I tell you, kid, electric POKéMON / saved me during the war! / Now show me you can stand against / real voltage!ÎカÀ
15	24876	9,6	5,3	Now that’s a shocker! / You’re the real deal, kid! / Fine, then, take the THUNDERBADGE!
16	25206	9,6	5,3	The THUNDERBADGE proves you / cleared VERMILION GYM! / And with it, take this pass. / It’ll get you special MART stock.
17	25362	9,6	5,3	AAAAAAA received the THUNDER PASS / from LT. SURGE.
18	25536	9,6	5,3	AAAAAAA put the THUNDER PASS / in the KEY ITEMS.
19	25602	9,6	5,3	That pass unlocks vitamins and / battle items at POKéMON MARTS. / Power isn’t handed to you. / Use those tools and train until / your POKéMON can hold it. / Bring me a RAICHU with real / voltage. / Then I’ll show you evolution / through serious output.
20	26106	1,0	5,48	VIRIDIAN FOREST
21	26628	1,0	5,48	ERIKA: How fortunate. / That is just the lesson I hoped / this forest would offer. / Some POKéMON bloom only when / friendship has taken root. / That kind of evolution is a bond, / not merely a change in form. / Before I return, may I ask you for / a proper GYM challenge? / With my GYM GUIDE present, the / match will be official.
22	27054	1,0	5,48	Very well. / Show me how friendship has helped / your POKéMON grow. / Let us begin.ÎカÀ
23	30456	1,0	5,48	Oh! / I concede defeat.
24	30696	1,0	5,48	ERIKA: You are remarkably strong. / This battle was witnessed, so it / shall stand as your GYM challenge. / I must confer on you the / RAINBOWBADGE. / áÎÇÀË / Ëカね / I saw trust in the way your / POKéMON stood with you. / Friendship can guide evolution / as surely as sunlight guides / a bud into bloom. / Please come to CELADON GYM. / There, I will give a reward for / the growth you have shown.
25	31488	1,0	5,48	AAAAAAA received the RAINBOW KEY / from ERIKA.
26	31656	1,0	5,48	AAAAAAA put the RAINBOW KEY / in the KEY ITEMS.
27	31728	1,0	5,48	The RAINBOW KEY opens the / BERRY PATCH next door to / CELADON GYM. / Please feel free to pick the / berries growing there.
28	32046	2,9	1,15	CINNABAR VOLCANO
29	32574	2,9	1,15	KOGA: Fwahahaha! / You made it this far. / Together, no less. / Then the lesson has already / taken root.
30	32730	2,9	1,15	KOGA grips the LAVIC STONE / with both hands... / ...But it does not move.
31	32814	2,9	1,15	KOGA: Hmph! / Even quenched, it resists me. / We need more strength to lift / this stone from its resting place.
32	32994	2,9	1,15	JANINE: Then I made it in time. / Father, you said togetherness / was the point of this trial.
33	33144	2,9	1,15	KOGA: Hah! / You are right, JANINE. / Then we shall try together.
34	33342	2,9	4,15	KOGA, JANINE, and AAAAAAA / pull with all their strength!
35	33450	2,9	4,15	The LAVIC STONE breaks loose / from the volcanic rock!
36	33594	2,9	4,16	KOGA: Together, we freed the / stone. / A community does not weaken / the self. / It gives strength somewhere to / stand. / Back at the GYM, this will become / the heart of new ninja tools. / But before I return, I want to / battle you here. / JANINE stands beside me as my / GYM aide. / That makes this challenge / official.
37	34044	2,9	4,16	Are you ready to battle KOGA?
38	34110	2,9	4,16	KOGA: Then show me the strength / you bring to your allies!
39	38952	2,9	4,16	Fwahahaha! / A worthy victory!
40	39198	2,9	4,16	KOGA: Fwahahaha! / You have earned the SOULBADGE! / áÎÇÀË / Ëカね / Return to FUCHSIA GYM / when you are ready. / There, the LAVIC STONE will become / tools worthy of our clan.
41	39744	2,9	4,16	AAAAAAA received the SOUL PASS / from KOGA.
42	39912	2,9	4,16	AAAAAAA put the SOUL PASS / in the KEY ITEMS.
43	40152	1,85	11,9	POKéMON TOWER
44	40710	1,85	11,9	Peace is not proven by silence / alone. / Let us see how your focus holds / in battle. / Are you ready to challenge me?
45	40896	1,85	11,9	In this tower, thought and memory / press close. / Show me the shape of your will.
46	44844	1,85	11,9	Your focus did not waver.
47	45078	1,85	11,9	The MARSHBADGE is yours. / You met the tower’s pressure and / answered it with peaceful control. / I will return to SAFFRON GYM. / Come there when you are ready.
48	45300	1,85	11,9	AAAAAAA received the MARSH FINDER / from SABRINA.
49	45474	1,85	11,9	AAAAAAA put the MARSH FINDER / in the KEY ITEMS.
50	45540	1,85	11,9	The MARSH FINDER senses hidden / objects nearby. / A calm mind can notice what the / eyes alone overlook.
51	46608	12,0	8,5	Hah! / I am BLAINE, the red-hot LEADER / of CINNABAR GYM! / Fire is more than destruction. / Properly handled, it drives / innovation and progress! / My fiery POKéMON are ready to / test your next breakthrough! / Hah! / You better have BURN HEAL!ÎカÀ
52	55110	12,0	8,5	I have burned down to nothing! / Not even ashes remain! / You have earned the VOLCANOBADGE.
53	55440	12,0	8,5	Hah! / The VOLCANOBADGE proves you / survived CINNABAR GYM’s heat.
54	55536	12,0	8,5	But a BADGE is only proof of what / you have already survived. / Progress asks what you can build / next! / The machine by my desk can compile / a POKéMON from research data. / Answer its sequence correctly, and / generate PORYGON yourself!
55	56538	5,1	2,3	GIOVANNI: You have seen me seek / power in ruins, in industry, and / before MEWTWO itself. / Every time, you stood in my way. / Very well. / No machines. No inventions. / No stolen advantage. / Only a TRAINER and his team. / Face GIOVANNI, LEADER of the / VIRIDIAN GYM!ÎéÀ
56	70146	5,1	2,3	Ha! / That was a truly intense fight. / You have won! / As proof, here is the EARTHBADGE! / áÎÇÀË / Ëカね
57	70806	5,1	2,3	GIOVANNI: I chased absolute power / because I mistook control for / strength. / A creature in a vat. / A BALL that never fails. / A command no one could refuse. / But MEWTWO answered control with / defiance. / My own POKéMON answered trust. / You stood before power without / trying to own it. / You trusted your team, and they / trusted you. / That is what I had forgotten. / That is what TEAM ROCKET must / learn. / As of today, TEAM ROCKET changes / course. / No more shadows. / No more conquest. / I will begin again, not as a tyrant, / but as a TRAINER. / Farewell, AAAAAAA.
58	71592	5,1	2,3	The EARTHBADGE is evidence of / your mastery as a TRAINER. / But obedience is earned through / the trust recorded in your / FIELD AIDE work. / With it, you can challenge the / POKéMON LEAGUE. / Go. Your path lies ahead.
1	6	4,1	6,6	AAAAAAA! / KANTO is waiting beyond the LAB. / Observe carefully, learn directly, / and trust the POKéMON at your side. / Your fieldwork begins now.
2	168	6,2	6,13	BROCK’s out in MT. MOON right now, / searching for fossils! You should / go find him there.
3	834	7,5	8,15	Hold up! / MISTY’s away from the GYM. / She’s investigating the water / currents running through / ROCK TUNNEL.
4	1632	9,6	5,14	Hold it, kid! / LT. SURGE is away from the GYM. / He’s training in DIGLETT’S CAVE.
5	2364	10,16	6,12	Excuse me! / ERIKA is away from the GYM. / She’s somewhere in VIRIDIAN / FOREST. / She mentioned searching for an / ENERGY ROOT with healing properties. / She said roots teach how living / things support each other. / She’s been gone for some time… / I should go find her.
6	3330	11,3	7,12	JANINE: My father KOGA disappeared / in a puff of smoke before my eyes! / Before he vanished, he spoke of / crafting new tools from volcanic / rock found in CINNABAR VOLCANO. / I had better hurry and help my / father, our clan leader!
7	4218	14,3	14,22	SABRINA left for POKéMON TOWER / after feeling a psychic pull / toward it. / She said it was likely the / gathering of a massive amount / of astral energy. / I’d better head there myself.
8	5484	1,2	4,18	Hey, watch your step. These tunnels / are unstable... but that’s where the / good finds are. / You’re not just passing through, / are you? / You’ve got that look... / like you’re searching for something. / This place is full of them- / fragments of ancient POKéMON. / One fragment on its own doesn’t / tell you much... / but combine the right ones... / ...and you might get something close / to what used to live here. / If you find a fossil around / here, show it to me. / I’d like to see what you’re made of!
9	6744	1,2	4,18	That’s a HELIX FOSSIL! / Sharp ridges... light structure... / This belonged to something built / for speed. / Good eye. You found something / with real historical value.
10	6954	1,2	4,18	BROCK gave you a / DART FOSSIL.
11	7086	1,2	4,18	AAAAAAA put the DART FOSSIL / in the ITEMS.
12	7134	1,2	4,18	You’ve got a good eye. / Meet me back at the PEWTER GYM. / There’s something I want to show / you about evolution.
13	7314	1,89	11,5	ROCK TUNNEL
14	7890	1,89	11,5	Oh, hey! / You’re all the way out here, too? / The POWER PLANT’s been having / wild electrical surges lately. / I think underground currents in / ROCK TUNNEL are feeding into it. / There’s a POWER STATION up ahead, / but this tunnel splits around it. / Could you scout ahead and tell me / which direction I should take?
15	8916	1,89	11,5	RIGHT? / All right, I’ll follow that flow.
16	9822	1,89	21,20	Thanks for guiding me here! / I’ve got this generator stable / again. / But there are more surges ahead. / I’m going to follow the current.
17	10770	1,89	11,38	I can hear you through the wall! / There’s a waterfall ahead, and I / can see the current branching. / Could you scout for me again and / tell me which way to take?
18	11610	1,89	11,38	RIGHT? / Got it! I’ll check that branch.
19	12426	1,89	20,41	That steadied another surge! / There’s still one more current / pulling deeper into the tunnel. / I’m going to follow the opening / and see where it branches.
20	13398	1,89	35,32	LEFT? / Got it! I’ll follow that path.
21	14070	1,89	42,23	That’s it! / The POWER PLANT is fixed, and / the currents are calm again. / All this work brought positive / change to ROCK TUNNEL. / I’m heading back to the GYM. / Come find me there, okay? / I’ve got something interesting / about evolution to show you.
22	14730	1,38	51,47	DIGLETT’S CAVE
23	15258	1,38	51,47	Hey, kid! / I come to DIGLETT’S CAVE / regularly to train. / Down here, I can go all out! / The powerful electric blasts from / my POKéMON are contained by the / cave walls. / While training here, I developed / an ELECTRIC-type move. / Want me to teach it? / You’ll need a POKéMON that can / learn it.
24	15648	1,38	51,47	All right, kid! / Choose the POKéMON to train.
25	15720	1,38	51,47	Teach which POKéMON?
26	15762	1,38	51,47	RAICHU wants to learn the / move VOLT TACKLE. / However, RAICHU already / knows four moves. / Should a move be deleted and / replaced with VOLT TACKLE?
27	16152	1,38	51,47	1, ËÔ2, andËÔ… ËÔ… ËÔ… ËÔŒぅ Poof! / RAICHU forgot how to / use THUNDERSHOCK. / And...Ì
28	16368	1,38	51,47	RAICHU learned / VOLT TACKLE!
29	16536	1,38	51,47	That’s VOLT TACKLE! / It’s reckless, high-voltage power / packed into a full-body charge. / Heh! / I like you, kid. / You’ve got the nerve to handle / real voltage. / I’ll meet you back at VERMILION / GYM. / I want a battle with you!
30	17136	1,0	5,48	VIRIDIAN FOREST
31	17670	1,0	5,48	ERIKA: Oh, hello. / I came to VIRIDIAN FOREST in / search of an ENERGY ROOT. / Roots are quiet things, yet they / bind a whole garden together. / A root grown here is said to heal / because the forest shares its / strength as one family. / I am certain one can be found / somewhere nearby.
32	18636	1,0	5,48	ERIKA: Oh! / That ENERGY ROOT is splendid. / See how many tiny roots gather / into one strong whole? / It reminds me that families, / friends, and communities grow / best together. / If I could find one of my own, I / would gladly return to the GYM.
33	18930	1,0	5,48	You’ll need two POKéMON with you / for a DOUBLE BATTLE.
34	19062	2,2	10,6	CINNABAR VOLCANO
35	19596	2,2	10,6	KOGA: Fwahahaha! / You have found me at work, / AAAAAAA. / I seek a LAVIC STONE, quenched / by the thermal waters of this / volcano. / Such stone can be shaped into / excellent ninja tools. / But even a stone born of fire / needs water to become useful. / So it is with people. / Community is what turns many / separate strengths into one. / Togetherness will allow us to / reach the stone. / I challenge you, AAAAAAA. / Reach the water source with me, / and prove you understand the / strength of moving together! / Now, follow if you can!
36	20922	2,6	5,6	KOGA: Fwahahaha! / You kept pace through the heat / and stone. / Good. / The water source lies deeper still. / A ninja does not simply rush / toward the goal. / We watch the path, trust our allies, / and move as one.
37	21276	1,85	11,9	POKéMON TOWER
38	21834	1,85	11,9	This circle gathers more than / memory. / It gathers feeling, fear, grief, / and the will to remain. / I came here because the tower’s / astral energy called to me. / While listening to it, I refined / a PSYCHIC-type move. / Would you like me to teach it? / You will need a POKéMON that can / learn DREAM EATER.
39	22188	1,85	11,9	Very well. / Choose the POKéMON to focus.
40	22266	1,85	11,9	Teach which POKéMON?
41	22308	1,85	11,9	GENGAR wants to learn the / move DREAM EATER. / However, GENGAR already / knows four moves. / Should a move be deleted and / replaced with DREAM EATER?
42	22698	1,85	11,9	1, ËÔ2, andËÔ… ËÔ… ËÔ… ËÔŒぅ Poof! / GENGAR forgot how to / use CURSE. / And...Ì
43	22914	1,85	11,9	GENGAR learned / DREAM EATER!
44	23076	1,85	11,9	That is DREAM EATER. / It draws strength from a sleeping / foe through psychic focus. / You remained peaceful inside / the tower’s astral pull. / That emotional control is / enough for an / official challenge here.
45	23604	1,85	11,9	SABRINA! / I felt the tower settle. / If a battle begins here, I will / witness it as your GYM aide.
46	23748	1,85	11,9	You’ll need two POKéMON with you / for a DOUBLE BATTLE.
47	71100	5,1	2,3	The EARTHBADGE is evidence of / your mastery as a TRAINER. / But obedience is earned through / the trust recorded in your / FIELD AIDE work. / With it, you can challenge the / POKéMON LEAGUE. / Go. Your path lies ahead.
48	71766	6,2	6,6	Now watch closely. / Some evolution happens through / interaction between TRAINERS. / Will you trade your ancient / POKéMON for my GRAVELER?
49	72156	6,2	6,6	RELICANTH will be / sent to BROCK.
50	72240	6,2	6,6	Bye-bye, RELICANTH!
51	73428	6,2	6,6	BROCK sent over GRAVELER.
52	73818	6,2	6,6	Take good care of GRAVELER!
53	73896	6,2	6,6	What? / GRAVELER is evolving!
54	75072	6,2	6,6	Congratulations! Your GRAVELER / evolved into GOLEM!こ /
55	75390	6,2	6,6	There it is... / GOLEM. / That’s trade evolution. / A change brought about by / exchange between TRAINERS.
56	76182	7,5	8,8	You brought GYARADOS? / Perfect! / Some POKéMON evolve when traded / while holding something natural. / My POLIWHIRL is holding a / KING’S ROCK. / Will you trade GYARADOS / for my POLIWHIRL?
57	76662	7,5	8,8	GYARADOS will be / sent to MISTY.
58	76746	7,5	8,8	Bye-bye, GYARADOS!
59	77928	7,5	8,8	MISTY sent over POLIWHIRL.
60	78264	7,5	8,8	Take good care of POLIWHIRL!
61	78342	7,5	8,8	What? / POLIWHIRL is evolving!
62	78816	7,5	8,8	……? /
63	78906	7,5	8,8	There it is... / POLITOED! / A POLIWHIRL traded with a / KING’S ROCK can change into / something completely new.
64	79728	9,6	5,3	Hey, kid! / You’ve got a RAICHU with real / voltage, right? / I’ve got an ELECTABUZZ holding / an ELECTIRIZER. / Trade me your RAICHU for it?
65	80148	9,6	5,3	RAICHU will be / sent to CLIFTON.
66	80232	9,6	5,3	Bye-bye, RAICHU!
67	81420	9,6	5,3	CLIFTON sent over ELECTABUZZ.
68	81822	9,6	5,3	Take good care of ELECTABUZZ!
69	81888	9,6	5,3	What? / ELECTABUZZ is evolving!
70	82500	9,6	5,3	……? /
71	82602	9,6	5,3	Hah! / Now that’s a power surge! / That ELECTIRIZER ought to wake up / something fierce in ELECTABUZZ.
72	83394	10,16	6,5	Thank you for coming. / Your challenge in VIRIDIAN FOREST / was witnessed and official. / That forest reminded me that / growth comes through friendship. / Some POKéMON even evolve when / that friendship is allowed to / flourish. / When people and POKéMON support / one another, all may bloom. / You have already earned the / RAINBOWBADGE. / Now, please accept a POKéMON / that shows how friendship can / help life bloom.
73	83904	10,16	6,5	Please also accept this BUDEW. / Raise it with kindness, and one / day friendship may help it bloom.
74	84054	10,16	6,5	AAAAAAA received BUDEW / from ERIKA.
75	84138	10,16	6,5	Do you want to give a nickname to / this BUDEW?
76	84204	10,16	6,5	BUDEW evolves through friendship / during the day. / Care for it well, and it will show / you how trust becomes growth.
77	85020	11,3	7,7	KOGA: Fwahahaha! / The LAVIC STONE is secure, and / your challenge was witnessed. / You earned the SOULBADGE in / CINNABAR VOLCANO. / Accept another tool of / togetherness.
78	85260	11,3	7,7	Take this GOLBAT as well. / It has trained beside my clan and / understands the strength of trust.
79	85380	11,3	7,7	AAAAAAA received GOLBAT / from KOGA.
80	85464	11,3	7,7	Do you want to give a nickname to / this GOLBAT?
81	85530	11,3	7,7	GOLBAT evolves through friendship. / Move with it as one, and it may / become a CROBAT.
82	86316	12,0	5,3	PORYGON generator online. / Initialize build sequence?
83	86400	12,0	5,3	Build a stable virtual POKéMON by / choosing the correct parameters.
84	86490	12,0	5,3	Should the base form be coded from / a stable geometric pattern?
85	86580	12,0	5,3	Parameter accepted.
86	86610	12,0	5,3	Should random noise overwrite the / core data?
87	86670	12,0	5,3	Parameter accepted.
88	86700	12,0	5,3	Should the completed data receive / a physical projection?
89	86790	12,0	5,3	Parameter accepted.
90	86898	12,0	5,3	The machine compiled the data into / PORYGON!
91	87132	12,0	5,3	MACHINE sent over PORYGON.
92	87504	12,0	5,3	Take good care of PORYGON!
93	87636	12,0	5,3	AAAAAAA obtained / the PORYGON!
94	87720	12,0	5,3	Do you want to give a nickname to / this PORYGON?
95	129546	7,5	8,8	You brought GYARADOS? / Perfect! / Some POKéMON evolve when traded / while holding something natural. / My POLIWHIRL is holding a / KING’S ROCK. / Will you trade GYARADOS / for my POLIWHIRL?
96	130026	7,5	8,8	GYARADOS will be / sent to MISTY.
97	130110	7,5	8,8	Bye-bye, GYARADOS!
98	131292	7,5	8,8	MISTY sent over POLIWHIRL.
99	131628	7,5	8,8	Take good care of POLIWHIRL!
100	131706	7,5	8,8	What? / POLIWHIRL is evolving!
101	132816	7,5	8,8	Congratulations! Your POLIWHIRL / evolved into POLITOED!こ /
102	133140	7,5	8,8	There it is... / POLITOED! / A POLIWHIRL traded with a / KING’S ROCK can change into / something completely new.
103	133962	9,6	5,3	Hey, kid! / You’ve got a RAICHU with real / voltage, right? / I’ve got an ELECTABUZZ holding / an ELECTIRIZER. / Trade me your RAICHU for it?
104	134382	9,6	5,3	RAICHU will be / sent to CLIFTON.
105	134466	9,6	5,3	Bye-bye, RAICHU!
106	135654	9,6	5,3	CLIFTON sent over ELECTABUZZ.
107	136056	9,6	5,3	Take good care of ELECTABUZZ!
108	136122	9,6	5,3	What? / ELECTABUZZ is evolving!
109	137316	9,6	5,3	Congratulations! Your ELECTABUZZ / evolved into ELECTIVIRE!こ /
110	137646	9,6	5,3	Hah! / Now that’s a power surge! / That ELECTIRIZER ought to wake up / something fierce in ELECTABUZZ.
111	138438	10,16	6,5	Thank you for coming. / Your challenge in VIRIDIAN FOREST / was witnessed and official. / That forest reminded me that / growth comes through friendship. / Some POKéMON even evolve when / that friendship is allowed to / flourish. / When people and POKéMON support / one another, all may bloom. / You have already earned the / RAINBOWBADGE. / Now, please accept a POKéMON / that shows how friendship can / help life bloom.
112	138948	10,16	6,5	Please also accept this BUDEW. / Raise it with kindness, and one / day friendship may help it bloom.
113	139098	10,16	6,5	AAAAAAA received BUDEW / from ERIKA.
114	139182	10,16	6,5	Do you want to give a nickname to / this BUDEW?
115	139248	10,16	6,5	BUDEW evolves through friendship / during the day. / Care for it well, and it will show / you how trust becomes growth.
116	140064	11,3	7,7	KOGA: Fwahahaha! / The LAVIC STONE is secure, and / your challenge was witnessed. / You earned the SOULBADGE in / CINNABAR VOLCANO. / Accept another tool of / togetherness.
117	140304	11,3	7,7	Take this GOLBAT as well. / It has trained beside my clan and / understands the strength of trust.
118	140424	11,3	7,7	AAAAAAA received GOLBAT / from KOGA.
119	140508	11,3	7,7	Do you want to give a nickname to / this GOLBAT?
120	140574	11,3	7,7	GOLBAT evolves through friendship. / Move with it as one, and it may / become a CROBAT.
121	141360	12,0	5,3	PORYGON generator online. / Initialize build sequence?
122	141444	12,0	5,3	Build a stable virtual POKéMON by / choosing the correct parameters.
123	141534	12,0	5,3	Should the base form be coded from / a stable geometric pattern?
124	141624	12,0	5,3	Parameter accepted.
125	141654	12,0	5,3	Should random noise overwrite the / core data?
126	141714	12,0	5,3	Parameter accepted.
127	141744	12,0	5,3	Should the completed data receive / a physical projection?
128	141834	12,0	5,3	Parameter accepted.
129	141942	12,0	5,3	The machine compiled the data into / PORYGON!
130	142176	12,0	5,3	MACHINE sent over PORYGON.
131	142548	12,0	5,3	Take good care of PORYGON!
132	142680	12,0	5,3	AAAAAAA obtained / the PORYGON!
133	142764	12,0	5,3	Do you want to give a nickname to / this PORYGON?
134	178788	1,0	5,48	VIRIDIAN FOREST
