species,active_pokedex,height,pokemonScale,pokemonOffset,trainerScale,trainerOffset,red_height_ratio,red_baseline_gap_px,leaf_height_ratio,leaf_baseline_gap_px,issues
BULBASAUR,True,7,356,16,256,-2,0.431,-1.5,0.431,-1.5,red silhouette crosses size panel interior; leaf silhouette crosses size panel interior
IVYSAUR,True,10,332,11,256,-2,0.589,-1.0,0.589,-1.0,red silhouette crosses size panel interior; leaf silhouette crosses size panel interior
VENUSAUR,True,20,256,1,375,6,1.438,1.8,1.438,1.8,red silhouette crosses size panel interior; leaf silhouette crosses size panel interior
CHARMANDER,True,6,410,16,256,-2,0.443,-1.1,0.443,-1.1,red silhouette crosses size panel interior; leaf silhouette crosses size panel interior
CHARMELEON,True,11,294,8,256,-2,0.744,-1.0,0.744,-1.0,red silhouette crosses size panel interior; leaf silhouette crosses size panel interior
CHARIZARD,True,17,271,0,317,3,1.319,1.2,1.319,1.2,red silhouette crosses size panel interior; leaf silhouette crosses size panel interior
SQUIRTLE,True,5,412,16,256,-2,0.407,-0.6,0.407,-0.6,red silhouette crosses size panel interior; leaf silhouette crosses size panel interior
WARTORTLE,True,10,334,9,256,-2,0.641,-2.4,0.641,-2.4,red silhouette crosses size panel interior; leaf silhouette crosses size panel interior
BLASTOISE,True,16,256,1,329,3,1.238,0.9,1.238,0.9,red silhouette crosses size panel interior; leaf silhouette crosses size panel interior
CATERPIE,True,3,549,20,256,-2,0.271,-1.5,0.271,-1.5,red silhouette crosses size panel interior; leaf silhouette crosses size panel interior
METAPOD,True,7,350,18,256,-2,0.332,-2.2,0.332,-2.2,red silhouette crosses size panel interior; leaf silhouette crosses size panel interior
BUTTERFREE,True,11,312,2,256,-2,0.641,-8.1,0.641,-8.1,red silhouette crosses size panel interior; leaf silhouette crosses size panel interior
WEEDLE,True,3,455,19,256,-2,0.286,-1.6,0.286,-1.6,red silhouette crosses size panel interior; leaf silhouette crosses size panel interior
KAKUNA,True,6,424,14,256,-2,0.384,-4.1,0.384,-4.1,red silhouette crosses size panel interior; leaf silhouette crosses size panel interior
BEEDRILL,True,10,366,2,256,-2,0.585,-10.9,0.585,-10.9,red silhouette crosses size panel interior; leaf silhouette crosses size panel interior
PIDGEY,True,3,492,18,256,-2,0.35,-1.1,0.35,-1.1,red silhouette crosses size panel interior; leaf silhouette crosses size panel interior
PIDGEOTTO,True,11,334,11,256,-2,0.725,1.2,0.725,1.2,red silhouette crosses size panel interior; leaf silhouette crosses size panel interior
PIDGEOT,True,15,269,-2,256,-2,1.055,-1.5,1.055,-1.5,red silhouette crosses size panel interior; leaf silhouette crosses size panel interior
RATTATA,True,3,481,18,256,-2,0.339,-1.4,0.339,-1.4,red silhouette crosses size panel interior; leaf silhouette crosses size panel interior
RATICATE,True,7,401,14,256,-2,0.406,-1.6,0.406,-1.6,red silhouette crosses size panel interior; leaf silhouette crosses size panel interior
SPEAROW,True,3,571,19,256,-2,0.302,-1.0,0.302,-1.0,red silhouette crosses size panel interior; leaf silhouette crosses size panel interior
FEAROW,True,12,282,-1,272,-2,1.122,0.9,1.122,0.9,red silhouette crosses size panel interior; leaf silhouette crosses size panel interior
EKANS,True,20,298,13,256,-2,0.578,-1.4,0.578,-1.4,red silhouette crosses size panel interior; leaf silhouette crosses size panel interior
ARBOK,True,35,256,0,296,1,1.219,1.2,1.219,1.2,red silhouette crosses size panel interior; leaf silhouette crosses size panel interior
PIKACHU,True,4,479,16,256,-2,0.476,-0.7,0.476,-0.7,red silhouette crosses size panel interior; leaf silhouette crosses size panel interior
RAICHU,True,8,426,10,256,-2,0.656,0.2,0.656,0.2,red silhouette crosses size panel interior; leaf silhouette crosses size panel interior
SANDSHREW,True,6,370,15,256,-2,0.465,0.5,0.465,0.5,red silhouette crosses size panel interior; leaf silhouette crosses size panel interior
SANDSLASH,True,10,341,10,256,-2,0.682,0.5,0.682,0.5,red silhouette crosses size panel interior; leaf silhouette crosses size panel interior
NIDORAN_F,True,4,488,19,256,-2,0.305,-1.6,0.305,-1.6,red silhouette crosses size panel interior; leaf silhouette crosses size panel interior
NIDORINA,True,8,381,13,256,-2,0.513,-1.9,0.513,-1.9,red silhouette crosses size panel interior; leaf silhouette crosses size panel interior
NIDOQUEEN,True,13,283,2,256,-2,0.937,0.1,0.937,0.1,red silhouette crosses size panel interior; leaf silhouette crosses size panel interior
NIDORAN_M,True,5,480,17,256,-2,0.339,-1.3,0.339,-1.3,red silhouette crosses size panel interior; leaf silhouette crosses size panel interior
NIDORINO,True,9,408,13,256,-2,0.536,-0.9,0.536,-0.9,red silhouette crosses size panel interior; leaf silhouette crosses size panel interior
NIDOKING,True,14,304,3,323,2,1.12,1.7,1.12,1.7,red silhouette crosses size panel interior; leaf silhouette crosses size panel interior
CLEFAIRY,True,6,425,18,256,-2,0.361,-1.4,0.361,-1.4,red silhouette crosses size panel interior; leaf silhouette crosses size panel interior
CLEFABLE,True,13,256,3,272,-1,0.908,-0.2,0.908,-0.2,red silhouette crosses size panel interior; leaf silhouette crosses size panel interior
VULPIX,True,6,497,18,256,-2,0.365,-0.7,0.365,-0.7,red silhouette crosses size panel interior; leaf silhouette crosses size panel interior
NINETALES,True,11,339,6,256,-2,0.769,-1.1,0.769,-1.1,red silhouette crosses size panel interior; leaf silhouette crosses size panel interior
JIGGLYPUFF,True,5,419,19,256,-2,0.367,-0.2,0.367,-0.2,red silhouette crosses size panel interior; leaf silhouette crosses size panel interior
WIGGLYTUFF,True,10,328,9,256,-2,0.71,-1.3,0.71,-1.3,red silhouette crosses size panel interior; leaf silhouette crosses size panel interior
ZUBAT,True,8,355,-4,256,-2,0.524,-19.3,0.524,-19.3,red silhouette crosses size panel interior; leaf silhouette crosses size panel interior
GOLBAT,True,16,291,0,296,2,1.036,-1.5,1.036,-1.5,red silhouette crosses size panel interior; leaf silhouette crosses size panel interior
ODDISH,True,5,423,15,256,-2,0.396,-1.9,0.396,-1.9,red silhouette crosses size panel interior; leaf silhouette crosses size panel interior
GLOOM,True,8,329,10,256,-2,0.679,-0.3,0.679,-0.3,red silhouette crosses size panel interior; leaf silhouette crosses size panel interior
VILEPLUME,True,12,256,4,272,-2,0.831,-1.2,0.831,-1.2,red silhouette crosses size panel interior; leaf silhouette crosses size panel interior
PARAS,True,3,546,21,256,-2,0.239,-1.4,0.239,-1.4,red silhouette crosses size panel interior; leaf silhouette crosses size panel interior
PARASECT,True,10,307,8,256,-2,0.713,-1.0,0.713,-1.0,red silhouette crosses size panel interior; leaf silhouette crosses size panel interior
VENONAT,True,10,360,14,256,-2,0.608,-0.1,0.608,-0.1,red silhouette crosses size panel interior; leaf silhouette crosses size panel interior
VENOMOTH,True,15,256,3,293,1,1.082,-1.1,1.082,-1.1,red silhouette crosses size panel interior; leaf silhouette crosses size panel interior
DIGLETT,True,2,706,22,256,-2,0.171,-1.6,0.171,-1.6,red silhouette crosses size panel interior; leaf silhouette crosses size panel interior
DUGTRIO,True,7,384,14,256,-2,0.448,-1.7,0.448,-1.7,red silhouette crosses size panel interior; leaf silhouette crosses size panel interior
MEOWTH,True,4,480,17,256,-2,0.388,-1.3,0.388,-1.3,red silhouette crosses size panel interior; leaf silhouette crosses size panel interior
PERSIAN,True,10,320,10,256,-2,0.655,-1.4,0.655,-1.4,red silhouette crosses size panel interior; leaf silhouette crosses size panel interior
PSYDUCK,True,8,347,11,256,-2,0.604,-1.0,0.604,-1.0,red silhouette crosses size panel interior; leaf silhouette crosses size panel interior
GOLDUCK,True,17,272,4,287,1,0.998,-0.2,0.998,-0.2,red silhouette crosses size panel interior; leaf silhouette crosses size panel interior
MANKEY,True,5,388,16,256,-2,0.468,-1.1,0.468,-1.1,red silhouette crosses size panel interior; leaf silhouette crosses size panel interior
PRIMEAPE,True,10,326,8,256,-2,0.728,-0.6,0.728,-0.6,red silhouette crosses size panel interior; leaf silhouette crosses size panel interior
GROWLITHE,True,7,346,14,256,-2,0.538,-0.2,0.538,-0.2,red silhouette crosses size panel interior; leaf silhouette crosses size panel interior
ARCANINE,True,19,256,-1,312,2,1.307,1.6,1.307,1.6,red silhouette crosses size panel interior; leaf silhouette crosses size panel interior
POLIWAG,True,6,353,17,256,-2,0.409,-0.4,0.409,-0.4,red silhouette crosses size panel interior; leaf silhouette crosses size panel interior
POLIWHIRL,True,10,288,10,256,-2,0.663,-0.3,0.663,-0.3,red silhouette crosses size panel interior; leaf silhouette crosses size panel interior
POLIWRATH,True,13,256,5,256,-2,0.873,1.0,0.873,1.0,red silhouette crosses size panel interior; leaf silhouette crosses size panel interior
ABRA,True,9,374,14,256,-2,0.498,-0.6,0.498,-0.6,red silhouette crosses size panel interior; leaf silhouette crosses size panel interior
KADABRA,True,13,272,2,256,-2,0.924,-0.6,0.924,-0.6,red silhouette crosses size panel interior; leaf silhouette crosses size panel interior
ALAKAZAM,True,15,272,-1,271,-1,1.105,-0.1,1.105,-0.1,red silhouette crosses size panel interior; leaf silhouette crosses size panel interior
MACHOP,True,8,320,12,256,-2,0.611,-0.2,0.611,-0.2,red silhouette crosses size panel interior; leaf silhouette crosses size panel interior
MACHOKE,True,15,304,6,256,-2,0.766,-1.1,0.766,-1.1,red silhouette crosses size panel interior; leaf silhouette crosses size panel interior
MACHAMP,True,16,278,2,283,0,1.111,0.7,1.111,0.7,red silhouette crosses size panel interior; leaf silhouette crosses size panel interior
BELLSPROUT,True,7,354,16,256,-2,0.5,-0.7,0.5,-0.7,red silhouette crosses size panel interior; leaf silhouette crosses size panel interior
WEEPINBELL,True,10,256,-1,256,-2,0.764,-9.0,0.764,-9.0,red silhouette crosses size panel interior; leaf silhouette crosses size panel interior
VICTREEBEL,True,17,256,2,302,2,1.158,0.7,1.158,0.7,red silhouette crosses size panel interior; leaf silhouette crosses size panel interior
TENTACOOL,True,9,256,0,256,-2,0.818,-8.0,0.818,-8.0,default calibration: review; red silhouette crosses size panel interior; leaf silhouette crosses size panel interior
TENTACRUEL,True,16,272,-1,312,0,1.23,2.7,1.23,2.7,red silhouette crosses size panel interior; leaf silhouette crosses size panel interior
GEODUDE,True,4,330,17,256,-2,0.367,-1.1,0.367,-1.1,red silhouette crosses size panel interior; leaf silhouette crosses size panel interior
GRAVELER,True,10,272,8,305,1,0.856,0.7,0.856,0.7,red silhouette crosses size panel interior; leaf silhouette crosses size panel interior
GOLEM,True,14,266,3,298,1,1.018,-0.6,1.018,-0.6,red silhouette crosses size panel interior; leaf silhouette crosses size panel interior
PONYTA,True,10,288,7,256,-2,0.824,0.2,0.824,0.2,red silhouette crosses size panel interior; leaf silhouette crosses size panel interior
RAPIDASH,True,17,282,-1,312,1,1.287,1.6,1.287,1.6,red silhouette crosses size panel interior; leaf silhouette crosses size panel interior
SLOWPOKE,True,12,271,10,272,-2,0.712,0.8,0.712,0.8,red silhouette crosses size panel interior; leaf silhouette crosses size panel interior
SLOWBRO,True,16,257,-2,312,0,1.148,2.4,1.148,2.4,red silhouette crosses size panel interior; leaf silhouette crosses size panel interior
MAGNEMITE,True,3,294,-8,256,-2,0.317,-28.3,0.317,-28.3,red silhouette crosses size panel interior; leaf silhouette crosses size panel interior
MAGNETON,True,10,293,-4,273,-2,0.61,-17.1,0.61,-17.1,red silhouette crosses size panel interior; leaf silhouette crosses size panel interior
FARFETCHD,True,8,317,-2,256,-3,0.617,-13.0,0.617,-13.0,red silhouette crosses size panel interior; leaf silhouette crosses size panel interior
DODUO,True,14,256,3,287,0,0.958,0.3,0.958,0.3,red silhouette crosses size panel interior; leaf silhouette crosses size panel interior
DODRIO,True,18,272,-2,296,1,1.207,-0.6,1.207,-0.6,red silhouette crosses size panel interior; leaf silhouette crosses size panel interior
SEEL,True,11,298,8,256,-2,0.718,-1.2,0.718,-1.2,red silhouette crosses size panel interior; leaf silhouette crosses size panel interior
DEWGONG,True,17,288,1,306,-1,0.966,-1.7,0.966,-1.7,red silhouette crosses size panel interior; leaf silhouette crosses size panel interior
GRIMER,True,9,258,8,256,-2,0.74,-0.2,0.74,-0.2,red silhouette crosses size panel interior; leaf silhouette crosses size panel interior
MUK,True,12,288,7,288,-1,0.764,0.0,0.764,0.0,red silhouette crosses size panel interior; leaf silhouette crosses size panel interior
SHELLDER,True,3,643,21,256,-2,0.239,-1.6,0.239,-1.6,red silhouette crosses size panel interior; leaf silhouette crosses size panel interior
CLOYSTER,True,15,264,0,288,-1,1.111,0.6,1.111,0.6,red silhouette crosses size panel interior; leaf silhouette crosses size panel interior
GASTLY,True,13,256,0,256,-2,0.927,-3.0,0.927,-3.0,default calibration: review; red silhouette crosses size panel interior; leaf silhouette crosses size panel interior
HAUNTER,True,16,269,2,308,1,1.02,-1.0,1.02,-1.0,red silhouette crosses size panel interior; leaf silhouette crosses size panel interior
GENGAR,True,15,256,4,317,1,1.013,1.0,1.013,1.0,red silhouette crosses size panel interior; leaf silhouette crosses size panel interior
ONIX,True,88,257,0,515,12,2.15,1.5,2.15,1.5,red silhouette crosses size panel interior; leaf silhouette crosses size panel interior
DROWZEE,True,10,274,7,256,-2,0.781,-0.5,0.781,-0.5,red silhouette crosses size panel interior; leaf silhouette crosses size panel interior
HYPNO,True,16,298,3,310,2,1.059,-0.5,1.059,-0.5,red silhouette crosses size panel interior; leaf silhouette crosses size panel interior
KRABBY,True,4,469,18,256,-2,0.347,-1.2,0.347,-1.2,red silhouette crosses size panel interior; leaf silhouette crosses size panel interior
KINGLER,True,13,287,3,308,1,1.034,0.3,1.034,0.3,red silhouette crosses size panel interior; leaf silhouette crosses size panel interior
VOLTORB,True,5,364,-8,256,-2,0.32,-27.9,0.32,-27.9,red silhouette crosses size panel interior; leaf silhouette crosses size panel interior
ELECTRODE,True,12,256,0,256,-2,0.655,-11.0,0.655,-11.0,default calibration: review; red silhouette crosses size panel interior; leaf silhouette crosses size panel interior
EXEGGCUTE,True,4,495,-4,256,-2,0.423,-21.1,0.423,-21.1,red silhouette crosses size panel interior; leaf silhouette crosses size panel interior
EXEGGUTOR,True,20,283,0,376,7,1.522,-0.1,1.522,-0.1,red silhouette crosses size panel interior; leaf silhouette crosses size panel interior
CUBONE,True,4,545,19,256,-2,0.325,-1.1,0.325,-1.1,red silhouette crosses size panel interior; leaf silhouette crosses size panel interior
MAROWAK,True,10,293,12,256,-2,0.699,-0.4,0.699,-0.4,red silhouette crosses size panel interior; leaf silhouette crosses size panel interior
HITMONLEE,True,15,256,0,273,-2,1.008,0.9,1.008,0.9,red silhouette crosses size panel interior; leaf silhouette crosses size panel interior
HITMONCHAN,True,14,256,1,264,-2,1.05,0.9,1.05,0.9,red silhouette crosses size panel interior; leaf silhouette crosses size panel interior
LICKITUNG,True,12,272,3,272,-3,0.855,-0.6,0.855,-0.6,red silhouette crosses size panel interior; leaf silhouette crosses size panel interior
KOFFING,True,6,369,-1,256,-2,0.505,-15.4,0.505,-15.4,red silhouette crosses size panel interior; leaf silhouette crosses size panel interior
WEEZING,True,12,321,-1,276,-1,0.844,-8.8,0.844,-8.8,red silhouette crosses size panel interior; leaf silhouette crosses size panel interior
RHYHORN,True,10,291,7,276,-2,0.793,0.5,0.793,0.5,red silhouette crosses size panel interior; leaf silhouette crosses size panel interior
RHYDON,True,19,272,-1,344,3,1.334,1.2,1.334,1.2,red silhouette crosses size panel interior; leaf silhouette crosses size panel interior
CHANSEY,True,11,257,6,256,-2,0.833,-0.1,0.833,-0.1,red silhouette crosses size panel interior; leaf silhouette crosses size panel interior
TANGELA,True,10,320,9,256,-2,0.684,-0.8,0.684,-0.8,red silhouette crosses size panel interior; leaf silhouette crosses size panel interior
KANGASKHAN,True,22,257,-3,349,5,1.457,1.1,1.457,1.1,red silhouette crosses size panel interior; leaf silhouette crosses size panel interior
HORSEA,True,4,399,-1,256,-2,0.385,-19.7,0.385,-19.7,red silhouette crosses size panel interior; leaf silhouette crosses size panel interior
SEADRA,True,12,296,3,256,-2,0.739,-3.5,0.739,-3.5,red silhouette crosses size panel interior; leaf silhouette crosses size panel interior
GOLDEEN,True,6,379,4,256,-2,0.54,-10.1,0.54,-10.1,red silhouette crosses size panel interior; leaf silhouette crosses size panel interior
SEAKING,True,13,304,1,288,-2,0.947,-1.0,0.947,-1.0,red silhouette crosses size panel interior; leaf silhouette crosses size panel interior
STARYU,True,8,326,1,256,-2,0.585,-13.1,0.585,-13.1,red silhouette crosses size panel interior; leaf silhouette crosses size panel interior
STARMIE,True,11,301,3,256,-2,0.727,-7.3,0.727,-7.3,red silhouette crosses size panel interior; leaf silhouette crosses size panel interior
MR_MIME,True,13,258,4,256,-2,0.866,-1.2,0.866,-1.2,red silhouette crosses size panel interior; leaf silhouette crosses size panel interior
SCYTHER,True,15,272,0,293,1,1.195,0.1,1.195,0.1,red silhouette crosses size panel interior; leaf silhouette crosses size panel interior
JYNX,True,14,256,3,300,1,1.001,-0.5,1.001,-0.5,red silhouette crosses size panel interior; leaf silhouette crosses size panel interior
ELECTABUZZ,True,11,330,7,256,-2,0.818,-0.3,0.818,-0.3,red silhouette crosses size panel interior; leaf silhouette crosses size panel interior
MAGMAR,True,13,293,4,272,-2,0.911,1.3,0.911,1.3,red silhouette crosses size panel interior; leaf silhouette crosses size panel interior
PINSIR,True,15,256,1,257,-2,1.022,0.1,1.022,0.1,red silhouette crosses size panel interior; leaf silhouette crosses size panel interior
TAUROS,True,14,256,2,312,3,1.285,0.6,1.285,0.6,red silhouette crosses size panel interior; leaf silhouette crosses size panel interior
MAGIKARP,True,9,317,4,256,-2,0.675,-8.0,0.675,-8.0,red silhouette crosses size panel interior; leaf silhouette crosses size panel interior
GYARADOS,True,65,288,-1,512,11,2.069,0.9,2.069,0.9,red silhouette crosses size panel interior; leaf silhouette crosses size panel interior
LAPRAS,True,25,256,0,425,8,1.69,1.3,1.69,1.3,red silhouette crosses size panel interior; leaf silhouette crosses size panel interior
DITTO,True,3,602,21,256,-2,0.232,-1.6,0.232,-1.6,red silhouette crosses size panel interior; leaf silhouette crosses size panel interior
EEVEE,True,3,476,17,256,-2,0.391,-1.8,0.391,-1.8,red silhouette crosses size panel interior; leaf silhouette crosses size panel interior
VAPOREON,True,10,316,7,256,-2,0.781,-0.9,0.781,-0.9,red silhouette crosses size panel interior; leaf silhouette crosses size panel interior
JOLTEON,True,8,283,8,256,-2,0.691,-1.1,0.691,-1.1,red silhouette crosses size panel interior; leaf silhouette crosses size panel interior
FLAREON,True,9,302,11,256,-2,0.678,-0.2,0.678,-0.2,red silhouette crosses size panel interior; leaf silhouette crosses size panel interior
PORYGON,True,8,328,7,256,-2,0.539,-5.6,0.539,-5.6,red silhouette crosses size panel interior; leaf silhouette crosses size panel interior
OMANYTE,True,4,521,20,256,-2,0.304,-0.6,0.304,-0.6,red silhouette crosses size panel interior; leaf silhouette crosses size panel interior
OMASTAR,True,10,307,5,256,-2,0.758,-3.2,0.758,-3.2,red silhouette crosses size panel interior; leaf silhouette crosses size panel interior
KABUTO,True,5,438,21,256,-2,0.266,-1.0,0.266,-1.0,red silhouette crosses size panel interior; leaf silhouette crosses size panel interior
KABUTOPS,True,13,271,1,256,-2,0.979,-0.6,0.979,-0.6,red silhouette crosses size panel interior; leaf silhouette crosses size panel interior
AERODACTYL,True,18,275,-1,317,2,1.32,0.8,1.32,0.8,red silhouette crosses size panel interior; leaf silhouette crosses size panel interior
ARTICUNO,True,17,278,0,308,1,1.289,2.7,1.289,2.7,red silhouette crosses size panel interior; leaf silhouette crosses size panel interior
ZAPDOS,True,16,275,1,330,3,1.244,0.0,1.244,0.0,red silhouette crosses size panel interior; leaf silhouette crosses size panel interior
MOLTRES,True,20,270,1,379,6,1.48,-1.3,1.48,-1.3,red silhouette crosses size panel interior; leaf silhouette crosses size panel interior
DRATINI,True,18,256,8,386,6,0.96,-1.6,0.96,-1.6,red silhouette crosses size panel interior; leaf silhouette crosses size panel interior
DRAGONAIR,True,40,274,0,423,6,1.46,-0.5,1.46,-0.5,red silhouette crosses size panel interior; leaf silhouette crosses size panel interior
DRAGONITE,True,22,283,-1,342,4,1.406,0.7,1.406,0.7,red silhouette crosses size panel interior; leaf silhouette crosses size panel interior
MEWTWO,True,20,276,-1,342,5,1.419,0.5,1.419,0.5,red silhouette crosses size panel interior; leaf silhouette crosses size panel interior
MEW,True,4,460,-2,256,-2,0.445,-20.4,0.445,-20.4,red silhouette crosses size panel interior; leaf silhouette crosses size panel interior
CINNABAR_MAGIKARP,True,6,512,18,256,-2,0.491,3.0,0.491,3.0,red silhouette crosses size panel interior; leaf silhouette crosses size panel interior
BAYLEEF,True,12,296,4,256,-2,0.849,-0.8,0.849,-0.8,red silhouette crosses size panel interior; leaf silhouette crosses size panel interior
MEGANIUM,True,18,286,0,317,2,1.29,1.6,1.29,1.6,red silhouette crosses size panel interior; leaf silhouette crosses size panel interior
CYNDAQUIL,True,5,539,19,256,-2,0.311,-1.5,0.311,-1.5,red silhouette crosses size panel interior; leaf silhouette crosses size panel interior
QUILAVA,True,9,329,10,256,-2,0.679,-0.3,0.679,-0.3,red silhouette crosses size panel interior; leaf silhouette crosses size panel interior
TYPHLOSION,True,17,284,-1,287,0,1.176,0.2,1.176,0.2,red silhouette crosses size panel interior; leaf silhouette crosses size panel interior
TOTODILE,True,6,487,20,256,-2,0.335,-0.1,0.335,-0.1,red silhouette crosses size panel interior; leaf silhouette crosses size panel interior
CROCONAW,True,11,378,11,256,-2,0.64,-0.4,0.64,-0.4,red silhouette crosses size panel interior; leaf silhouette crosses size panel interior
FERALIGATR,True,23,282,-1,375,6,1.547,0.9,1.547,0.9,red silhouette crosses size panel interior; leaf silhouette crosses size panel interior
SENTRET,True,8,439,12,256,-2,0.594,-0.7,0.594,-0.7,red silhouette crosses size panel interior; leaf silhouette crosses size panel interior
FURRET,True,18,346,10,256,-2,0.673,-0.5,0.673,-0.5,red silhouette crosses size panel interior; leaf silhouette crosses size panel interior
HOOTHOOT,True,7,380,15,256,-2,0.453,-1.2,0.453,-1.2,red silhouette crosses size panel interior; leaf silhouette crosses size panel interior
NOCTOWL,True,16,278,2,256,-2,0.954,-0.3,0.954,-0.3,red silhouette crosses size panel interior; leaf silhouette crosses size panel interior
LEDYBA,True,10,256,4,256,-2,0.745,-5.0,0.745,-5.0,red silhouette crosses size panel interior; leaf silhouette crosses size panel interior
LEDIAN,True,14,256,1,256,-2,1.0,0.0,1.0,0.0,red silhouette crosses size panel interior; leaf silhouette crosses size panel interior
SPINARAK,True,5,414,20,256,-2,0.281,-1.0,0.281,-1.0,red silhouette crosses size panel interior; leaf silhouette crosses size panel interior
ARIADOS,True,11,316,7,256,-2,0.795,-0.1,0.795,-0.1,red silhouette crosses size panel interior; leaf silhouette crosses size panel interior
CROBAT,True,18,279,-1,313,2,1.285,1.0,1.285,1.0,red silhouette crosses size panel interior; leaf silhouette crosses size panel interior
CHINCHOU,True,5,424,-2,256,-2,0.362,-21.3,0.362,-21.3,red silhouette crosses size panel interior; leaf silhouette crosses size panel interior
LANTURN,True,12,269,6,256,-2,0.831,-3.0,0.831,-3.0,red silhouette crosses size panel interior; leaf silhouette crosses size panel interior
PICHU,True,3,508,17,256,-2,0.348,-1.9,0.348,-1.9,red silhouette crosses size panel interior; leaf silhouette crosses size panel interior
CLEFFA,True,3,462,22,256,-2,0.252,-0.4,0.252,-0.4,red silhouette crosses size panel interior; leaf silhouette crosses size panel interior
IGGLYBUFF,True,3,457,-1,256,-2,0.295,-22.2,0.295,-22.2,red silhouette crosses size panel interior; leaf silhouette crosses size panel interior
TOGEPI,True,3,507,21,256,-2,0.23,-1.9,0.23,-1.9,red silhouette crosses size panel interior; leaf silhouette crosses size panel interior
TOGETIC,True,6,424,15,256,-2,0.505,-0.1,0.505,-0.1,red silhouette crosses size panel interior; leaf silhouette crosses size panel interior
NATU,True,2,610,23,256,-2,0.191,-1.0,0.191,-1.0,red silhouette crosses size panel interior; leaf silhouette crosses size panel interior
XATU,True,15,258,4,317,3,1.117,0.8,1.117,0.8,red silhouette crosses size panel interior; leaf silhouette crosses size panel interior
MAREEP,True,6,379,18,256,-2,0.405,-0.2,0.405,-0.2,red silhouette crosses size panel interior; leaf silhouette crosses size panel interior
FLAAFFY,True,8,372,13,256,-2,0.551,-0.9,0.551,-0.9,red silhouette crosses size panel interior; leaf silhouette crosses size panel interior
AMPHAROS,True,14,275,2,283,-1,0.992,0.1,0.992,0.1,red silhouette crosses size panel interior; leaf silhouette crosses size panel interior
BELLOSSOM,True,4,472,19,256,-2,0.345,-0.2,0.345,-0.2,red silhouette crosses size panel interior; leaf silhouette crosses size panel interior
MARILL,True,4,476,19,256,-2,0.342,-0.3,0.342,-0.3,red silhouette crosses size panel interior; leaf silhouette crosses size panel interior
AZUMARILL,True,8,448,15,256,-2,0.468,-0.9,0.468,-0.9,red silhouette crosses size panel interior; leaf silhouette crosses size panel interior
POLITOED,True,11,289,5,256,-2,0.837,-1.0,0.837,-1.0,red silhouette crosses size panel interior; leaf silhouette crosses size panel interior
HOPPIP,True,4,562,-7,256,-2,0.356,-26.0,0.356,-26.0,red silhouette crosses size panel interior; leaf silhouette crosses size panel interior
SKIPLOOM,True,6,387,0,256,-2,0.409,-17.8,0.409,-17.8,red silhouette crosses size panel interior; leaf silhouette crosses size panel interior
JUMPLUFF,True,8,418,-4,256,-2,0.557,-17.7,0.557,-17.7,red silhouette crosses size panel interior; leaf silhouette crosses size panel interior
AIPOM,True,8,363,8,256,-2,0.718,-0.5,0.718,-0.5,red silhouette crosses size panel interior; leaf silhouette crosses size panel interior
SUNKERN,True,3,541,0,256,-2,0.275,-21.4,0.275,-21.4,red silhouette crosses size panel interior; leaf silhouette crosses size panel interior
SUNFLORA,True,8,374,12,256,-2,0.597,-0.6,0.597,-0.6,red silhouette crosses size panel interior; leaf silhouette crosses size panel interior
YANMA,True,12,274,-4,256,-2,0.73,-12.4,0.73,-12.4,red silhouette crosses size panel interior; leaf silhouette crosses size panel interior
WOOPER,True,4,479,20,256,-2,0.292,-0.4,0.292,-0.4,red silhouette crosses size panel interior; leaf silhouette crosses size panel interior
QUAGSIRE,True,14,273,4,273,-2,0.909,0.4,0.909,0.4,red silhouette crosses size panel interior; leaf silhouette crosses size panel interior
ESPEON,True,9,363,12,256,-2,0.615,-0.1,0.615,-0.1,red silhouette crosses size panel interior; leaf silhouette crosses size panel interior
UMBREON,True,10,317,9,256,-2,0.719,-0.6,0.719,-0.6,red silhouette crosses size panel interior; leaf silhouette crosses size panel interior
MURKROW,True,5,401,-8,256,-2,0.488,-23.6,0.488,-23.6,red silhouette crosses size panel interior; leaf silhouette crosses size panel interior
SLOWKING,True,20,265,-1,330,4,1.358,0.9,1.358,0.9,red silhouette crosses size panel interior; leaf silhouette crosses size panel interior
MISDREAVUS,True,7,407,-8,256,-2,0.446,-24.4,0.446,-24.4,red silhouette crosses size panel interior; leaf silhouette crosses size panel interior
UNOWN,True,5,411,2,256,-2,0.385,-16.4,0.385,-16.4,red silhouette crosses size panel interior; leaf silhouette crosses size panel interior
WOBBUFFET,True,13,274,4,256,-2,0.883,-0.7,0.883,-0.7,red silhouette crosses size panel interior; leaf silhouette crosses size panel interior
GIRAFARIG,True,15,281,2,256,-2,0.977,-0.6,0.977,-0.6,red silhouette crosses size panel interior; leaf silhouette crosses size panel interior
PINECO,True,6,445,2,256,-2,0.45,-14.3,0.45,-14.3,red silhouette crosses size panel interior; leaf silhouette crosses size panel interior
FORRETRESS,True,12,293,5,256,-2,0.731,-3.9,0.731,-3.9,red silhouette crosses size panel interior; leaf silhouette crosses size panel interior
DUNSPARCE,True,15,284,15,256,-2,0.492,-0.5,0.492,-0.5,red silhouette crosses size panel interior; leaf silhouette crosses size panel interior
GLIGAR,True,11,350,-1,256,-2,0.731,-8.8,0.731,-8.8,red silhouette crosses size panel interior; leaf silhouette crosses size panel interior
STEELIX,True,92,278,-1,557,13,2.295,1.2,2.295,1.2,red silhouette crosses size panel interior; leaf silhouette crosses size panel interior
SNUBBULL,True,6,465,18,256,-2,0.38,-0.5,0.38,-0.5,red silhouette crosses size panel interior; leaf silhouette crosses size panel interior
GRANBULL,True,14,256,3,256,-2,0.945,0.0,0.945,0.0,red silhouette crosses size panel interior; leaf silhouette crosses size panel interior
QWILFISH,True,5,430,0,256,-2,0.465,-15.9,0.465,-15.9,red silhouette crosses size panel interior; leaf silhouette crosses size panel interior
SCIZOR,True,18,282,0,282,0,1.164,0.9,1.164,0.9,red silhouette crosses size panel interior; leaf silhouette crosses size panel interior
SHUCKLE,True,6,485,16,256,-2,0.432,-0.9,0.432,-0.9,red silhouette crosses size panel interior; leaf silhouette crosses size panel interior
HERACROSS,True,15,285,0,283,-2,1.029,0.0,1.029,0.0,red silhouette crosses size panel interior; leaf silhouette crosses size panel interior
SNEASEL,True,9,413,-3,256,-2,0.597,-15.3,0.597,-15.3,red silhouette crosses size panel interior; leaf silhouette crosses size panel interior
TEDDIURSA,True,6,455,17,256,-2,0.44,-0.2,0.44,-0.2,red silhouette crosses size panel interior; leaf silhouette crosses size panel interior
URSARING,True,18,275,0,280,0,1.148,0.5,1.148,0.5,red silhouette crosses size panel interior; leaf silhouette crosses size panel interior
SLUGMA,True,7,329,14,256,-2,0.523,-0.2,0.523,-0.2,red silhouette crosses size panel interior; leaf silhouette crosses size panel interior
MAGCARGO,True,8,332,14,256,-2,0.645,-0.3,0.645,-0.3,red silhouette crosses size panel interior; leaf silhouette crosses size panel interior
SWINUB,True,4,324,19,256,-2,0.316,-0.5,0.316,-0.5,red silhouette crosses size panel interior; leaf silhouette crosses size panel interior
PILOSWINE,True,11,306,8,256,-2,0.73,-0.9,0.73,-0.9,red silhouette crosses size panel interior; leaf silhouette crosses size panel interior
CORSOLA,True,6,410,15,256,-2,0.443,-1.5,0.443,-1.5,red silhouette crosses size panel interior; leaf silhouette crosses size panel interior
REMORAID,True,6,316,4,256,-2,0.516,-10.4,0.516,-10.4,red silhouette crosses size panel interior; leaf silhouette crosses size panel interior
OCTILLERY,True,9,296,9,256,-2,0.676,-1.0,0.676,-1.0,red silhouette crosses size panel interior; leaf silhouette crosses size panel interior
DELIBIRD,True,9,293,8,256,-2,0.763,-0.0,0.763,-0.0,red silhouette crosses size panel interior; leaf silhouette crosses size panel interior
MANTINE,True,21,275,0,360,6,1.5,0.8,1.5,0.8,red silhouette crosses size panel interior; leaf silhouette crosses size panel interior
SKARMORY,True,17,285,0,276,0,1.127,-0.0,1.127,-0.0,red silhouette crosses size panel interior; leaf silhouette crosses size panel interior
HOUNDOUR,True,6,393,15,256,-2,0.486,-0.3,0.486,-0.3,red silhouette crosses size panel interior; leaf silhouette crosses size panel interior
HOUNDOOM,True,14,256,2,256,-2,0.982,0.0,0.982,0.0,red silhouette crosses size panel interior; leaf silhouette crosses size panel interior
KINGDRA,True,18,257,1,293,1,1.223,0.8,1.223,0.8,red silhouette crosses size panel interior; leaf silhouette crosses size panel interior
PHANPY,True,5,465,20,256,-2,0.32,-0.2,0.32,-0.2,red silhouette crosses size panel interior; leaf silhouette crosses size panel interior
DONPHAN,True,11,313,9,256,-2,0.714,-0.4,0.714,-0.4,red silhouette crosses size panel interior; leaf silhouette crosses size panel interior
PORYGON2,True,6,320,15,256,-2,0.509,-0.4,0.509,-0.4,red silhouette crosses size panel interior; leaf silhouette crosses size panel interior
STANTLER,True,14,277,-1,277,0,1.145,-0.1,1.145,-0.1,red silhouette crosses size panel interior; leaf silhouette crosses size panel interior
SMEARGLE,True,12,287,5,256,-2,0.827,-0.8,0.827,-0.8,red silhouette crosses size panel interior; leaf silhouette crosses size panel interior
TYROGUE,True,7,292,8,256,-2,0.733,-0.8,0.733,-0.8,red silhouette crosses size panel interior; leaf silhouette crosses size panel interior
HITMONTOP,True,14,256,2,257,-2,0.967,0.1,0.967,0.1,red silhouette crosses size panel interior; leaf silhouette crosses size panel interior
SMOOCHUM,True,4,440,19,256,-2,0.381,-0.1,0.381,-0.1,red silhouette crosses size panel interior; leaf silhouette crosses size panel interior
ELEKID,True,6,363,13,256,-2,0.564,-0.5,0.564,-0.5,red silhouette crosses size panel interior; leaf silhouette crosses size panel interior
MAGBY,True,7,284,11,256,-2,0.623,-0.9,0.623,-0.9,red silhouette crosses size panel interior; leaf silhouette crosses size panel interior
MILTANK,True,12,280,3,256,-2,0.881,-0.4,0.881,-0.4,red silhouette crosses size panel interior; leaf silhouette crosses size panel interior
BLISSEY,True,15,256,3,310,3,1.123,0.4,1.123,0.4,red silhouette crosses size panel interior; leaf silhouette crosses size panel interior
RAIKOU,True,19,283,0,359,6,1.476,0.8,1.476,0.8,red silhouette crosses size panel interior; leaf silhouette crosses size panel interior
ENTEI,True,21,283,0,370,7,1.521,0.5,1.521,0.5,red silhouette crosses size panel interior; leaf silhouette crosses size panel interior
SUICUNE,True,20,286,0,371,7,1.509,0.3,1.509,0.3,red silhouette crosses size panel interior; leaf silhouette crosses size panel interior
LARVITAR,True,6,472,16,256,-2,0.434,-0.5,0.434,-0.5,red silhouette crosses size panel interior; leaf silhouette crosses size panel interior
PUPITAR,True,12,292,8,256,-2,0.749,-0.8,0.749,-0.8,red silhouette crosses size panel interior; leaf silhouette crosses size panel interior
TYRANITAR,True,20,285,0,383,7,1.564,1.0,1.564,1.0,red silhouette crosses size panel interior; leaf silhouette crosses size panel interior
LUGIA,True,52,283,0,742,18,3.051,0.3,3.051,0.3,red silhouette crosses size panel interior; leaf silhouette crosses size panel interior
HO_OH,True,38,283,0,620,16,2.549,0.1,2.549,0.1,red silhouette crosses size panel interior; leaf silhouette crosses size panel interior
CELEBI,True,6,393,-10,256,-2,0.426,-27.3,0.426,-27.3,red silhouette crosses size panel interior; leaf silhouette crosses size panel interior
POOCHYENA,True,5,481,18,256,-2,0.387,-0.4,0.387,-0.4,red silhouette crosses size panel interior; leaf silhouette crosses size panel interior
MIGHTYENA,True,10,359,9,256,-2,0.726,-0.0,0.726,-0.0,red silhouette crosses size panel interior; leaf silhouette crosses size panel interior
ZIGZAGOON,True,4,560,21,256,-2,0.299,-0.2,0.299,-0.2,red silhouette crosses size panel interior; leaf silhouette crosses size panel interior
LINOONE,True,5,321,5,256,-2,0.87,-0.9,0.87,-0.9,red silhouette crosses size panel interior; leaf silhouette crosses size panel interior
WURMPLE,True,3,711,22,256,-2,0.236,-0.5,0.236,-0.5,red silhouette crosses size panel interior; leaf silhouette crosses size panel interior
SILCOON,True,6,431,19,256,-2,0.356,-1.1,0.356,-1.1,red silhouette crosses size panel interior; leaf silhouette crosses size panel interior
BEAUTIFLY,True,10,298,-1,256,-2,0.734,-10.2,0.734,-10.2,red silhouette crosses size panel interior; leaf silhouette crosses size panel interior
CASCOON,True,7,391,19,256,-2,0.369,0.5,0.369,0.5,red silhouette crosses size panel interior; leaf silhouette crosses size panel interior
DUSTOX,True,12,269,1,256,-2,0.692,-11.8,0.692,-11.8,red silhouette crosses size panel interior; leaf silhouette crosses size panel interior
LOTAD,True,5,406,17,256,-2,0.344,-0.7,0.344,-0.7,red silhouette crosses size panel interior; leaf silhouette crosses size panel interior
LOMBRE,True,12,277,7,256,-2,0.756,-0.7,0.756,-0.7,red silhouette crosses size panel interior; leaf silhouette crosses size panel interior
LUDICOLO,True,15,283,0,282,0,1.16,0.8,1.16,0.8,red silhouette crosses size panel interior; leaf silhouette crosses size panel interior
SEEDOT,True,5,472,20,256,-2,0.375,-0.3,0.375,-0.3,red silhouette crosses size panel interior; leaf silhouette crosses size panel interior
NUZLEAF,True,10,299,8,256,-2,0.747,-0.5,0.747,-0.5,red silhouette crosses size panel interior; leaf silhouette crosses size panel interior
SHIFTRY,True,13,290,2,256,-2,0.995,-0.5,0.995,-0.5,red silhouette crosses size panel interior; leaf silhouette crosses size panel interior
NINCADA,True,5,405,20,256,-2,0.322,-0.2,0.322,-0.2,red silhouette crosses size panel interior; leaf silhouette crosses size panel interior
NINJASK,True,8,383,-9,256,-2,0.474,-23.3,0.474,-23.3,red silhouette crosses size panel interior; leaf silhouette crosses size panel interior
SHEDINJA,True,8,372,-8,256,-2,0.551,-21.9,0.551,-21.9,red silhouette crosses size panel interior; leaf silhouette crosses size panel interior
TAILLOW,True,3,465,20,256,-2,0.3,-0.2,0.3,-0.2,red silhouette crosses size panel interior; leaf silhouette crosses size panel interior
SWELLOW,True,7,428,13,256,-2,0.555,-0.4,0.555,-0.4,red silhouette crosses size panel interior; leaf silhouette crosses size panel interior
SHROOMISH,True,4,513,20,256,-2,0.29,-1.0,0.29,-1.0,red silhouette crosses size panel interior; leaf silhouette crosses size panel interior
BRELOOM,True,12,324,6,256,-2,0.776,-0.9,0.776,-0.9,red silhouette crosses size panel interior; leaf silhouette crosses size panel interior
SPINDA,True,11,321,9,256,-2,0.711,-0.9,0.711,-0.9,red silhouette crosses size panel interior; leaf silhouette crosses size panel interior
WINGULL,True,6,295,-2,256,-2,0.347,-24.1,0.347,-24.1,red silhouette crosses size panel interior; leaf silhouette crosses size panel interior
PELIPPER,True,12,288,1,256,-2,0.889,-3.1,0.889,-3.1,red silhouette crosses size panel interior; leaf silhouette crosses size panel interior
SURSKIT,True,5,375,17,256,-2,0.459,-0.4,0.459,-0.4,red silhouette crosses size panel interior; leaf silhouette crosses size panel interior
MASQUERAIN,True,8,378,-1,256,-2,0.727,-9.0,0.727,-9.0,red silhouette crosses size panel interior; leaf silhouette crosses size panel interior
WAILMER,True,20,256,10,493,10,1.225,0.9,1.225,0.9,red silhouette crosses size panel interior; leaf silhouette crosses size panel interior
WAILORD,True,145,276,-1,1428,20,4.515,-6.2,4.515,-6.2,red silhouette crosses size panel interior; leaf silhouette crosses size panel interior
SKITTY,True,6,492,18,256,-2,0.378,-0.1,0.378,-0.1,red silhouette crosses size panel interior; leaf silhouette crosses size panel interior
DELCATTY,True,11,322,9,256,-2,0.694,-0.9,0.694,-0.9,red silhouette crosses size panel interior; leaf silhouette crosses size panel interior
KECLEON,True,10,316,8,256,-2,0.751,-0.7,0.751,-0.7,red silhouette crosses size panel interior; leaf silhouette crosses size panel interior
BALTOY,True,5,384,18,256,-3,0.424,0.7,0.424,0.7,red silhouette crosses size panel interior; leaf silhouette crosses size panel interior
CLAYDOL,True,15,256,3,280,0,1.094,0.7,1.094,0.7,red silhouette crosses size panel interior; leaf silhouette crosses size panel interior
NOSEPASS,True,10,256,9,289,1,0.842,0.5,0.842,0.5,red silhouette crosses size panel interior; leaf silhouette crosses size panel interior
TORKOAL,True,5,392,9,256,-2,0.689,-0.4,0.689,-0.4,red silhouette crosses size panel interior; leaf silhouette crosses size panel interior
SABLEYE,True,5,451,15,256,-2,0.454,-0.9,0.454,-0.9,red silhouette crosses size panel interior; leaf silhouette crosses size panel interior
BARBOACH,True,4,581,-2,256,-2,0.336,-21.7,0.336,-21.7,red silhouette crosses size panel interior; leaf silhouette crosses size panel interior
WHISCASH,True,9,317,1,256,-2,0.675,-9.4,0.675,-9.4,red silhouette crosses size panel interior; leaf silhouette crosses size panel interior
LUVDISC,True,6,371,2,256,-2,0.389,-21.5,0.389,-21.5,red silhouette crosses size panel interior; leaf silhouette crosses size panel interior
CORPHISH,True,6,484,18,256,-2,0.394,-0.4,0.394,-0.4,red silhouette crosses size panel interior; leaf silhouette crosses size panel interior
CRAWDAUNT,True,11,365,7,256,-2,0.778,-0.3,0.778,-0.3,red silhouette crosses size panel interior; leaf silhouette crosses size panel interior
FEEBAS,True,6,423,3,256,-2,0.462,-14.5,0.462,-14.5,red silhouette crosses size panel interior; leaf silhouette crosses size panel interior
MILOTIC,True,62,282,-1,382,7,1.576,0.3,1.576,0.3,red silhouette crosses size panel interior; leaf silhouette crosses size panel interior
CARVANHA,True,8,362,0,256,-2,0.694,-10.6,0.694,-10.6,red silhouette crosses size panel interior; leaf silhouette crosses size panel interior
SHARPEDO,True,18,265,0,342,4,1.408,0.8,1.408,0.8,red silhouette crosses size panel interior; leaf silhouette crosses size panel interior
TRAPINCH,True,7,298,15,256,-2,0.5,-0.3,0.5,-0.3,red silhouette crosses size panel interior; leaf silhouette crosses size panel interior
VIBRAVA,True,11,370,15,256,-2,0.516,-0.2,0.516,-0.2,red silhouette crosses size panel interior; leaf silhouette crosses size panel interior
FLYGON,True,20,280,0,299,2,1.204,-0.2,1.204,-0.2,red silhouette crosses size panel interior; leaf silhouette crosses size panel interior
MAKUHITA,True,10,256,9,256,-2,0.727,0.0,0.727,0.0,red silhouette crosses size panel interior; leaf silhouette crosses size panel interior
HARIYAMA,True,23,268,-1,375,6,1.552,1.4,1.552,1.4,red silhouette crosses size panel interior; leaf silhouette crosses size panel interior
ELECTRIKE,True,6,290,16,256,-2,0.433,-0.6,0.433,-0.6,red silhouette crosses size panel interior; leaf silhouette crosses size panel interior
MANECTRIC,True,15,256,1,257,-2,1.022,0.1,1.022,0.1,red silhouette crosses size panel interior; leaf silhouette crosses size panel interior
NUMEL,True,7,310,14,256,-2,0.495,-1.0,0.495,-1.0,red silhouette crosses size panel interior; leaf silhouette crosses size panel interior
CAMERUPT,True,19,256,6,345,4,1.225,2.0,1.225,2.0,red silhouette crosses size panel interior; leaf silhouette crosses size panel interior
SPHEAL,True,8,315,15,256,-2,0.488,-1.0,0.488,-1.0,red silhouette crosses size panel interior; leaf silhouette crosses size panel interior
SEALEO,True,11,338,12,256,-2,0.62,-0.3,0.62,-0.3,red silhouette crosses size panel interior; leaf silhouette crosses size panel interior
WALREIN,True,14,305,2,277,0,0.991,-0.6,0.991,-0.6,red silhouette crosses size panel interior; leaf silhouette crosses size panel interior
CACNEA,True,4,455,19,256,-2,0.327,-1.0,0.327,-1.0,red silhouette crosses size panel interior; leaf silhouette crosses size panel interior
CACTURNE,True,13,327,3,256,-2,0.897,-0.9,0.897,-0.9,red silhouette crosses size panel interior; leaf silhouette crosses size panel interior
SNORUNT,True,7,380,14,256,-2,0.502,-0.9,0.502,-0.9,red silhouette crosses size panel interior; leaf silhouette crosses size panel interior
GLALIE,True,15,256,3,344,2,1.099,-0.1,1.099,-0.1,red silhouette crosses size panel interior; leaf silhouette crosses size panel interior
LUNATONE,True,10,300,1,256,-2,0.698,-8.4,0.698,-8.4,red silhouette crosses size panel interior; leaf silhouette crosses size panel interior
SOLROCK,True,12,328,-3,256,-2,0.88,-7.8,0.88,-7.8,red silhouette crosses size panel interior; leaf silhouette crosses size panel interior
AZURILL,True,2,603,21,256,-2,0.286,-0.8,0.286,-0.8,red silhouette crosses size panel interior; leaf silhouette crosses size panel interior
SPOINK,True,7,423,15,256,-2,0.517,-0.1,0.517,-0.1,red silhouette crosses size panel interior; leaf silhouette crosses size panel interior
GRUMPIG,True,9,358,9,256,-2,0.715,-0.7,0.715,-0.7,red silhouette crosses size panel interior; leaf silhouette crosses size panel interior
PLUSLE,True,4,515,-9,256,-2,0.362,-29.1,0.362,-29.1,red silhouette crosses size panel interior; leaf silhouette crosses size panel interior
MINUN,True,4,512,-7,256,-2,0.382,-26.0,0.382,-26.0,red silhouette crosses size panel interior; leaf silhouette crosses size panel interior
MAWILE,True,6,466,15,256,-3,0.469,0.2,0.469,0.2,red silhouette crosses size panel interior; leaf silhouette crosses size panel interior
MEDITITE,True,6,465,17,256,-2,0.4,-1.0,0.4,-1.0,red silhouette crosses size panel interior; leaf silhouette crosses size panel interior
MEDICHAM,True,13,298,2,256,-2,0.953,-0.4,0.953,-0.4,red silhouette crosses size panel interior; leaf silhouette crosses size panel interior
SWABLU,True,4,422,-8,256,-2,0.397,-27.9,0.397,-27.9,red silhouette crosses size panel interior; leaf silhouette crosses size panel interior
ALTARIA,True,11,327,0,256,-2,0.84,-5.5,0.84,-5.5,red silhouette crosses size panel interior; leaf silhouette crosses size panel interior
WYNAUT,True,6,453,17,256,-2,0.411,-0.7,0.411,-0.7,red silhouette crosses size panel interior; leaf silhouette crosses size panel interior
DUSKULL,True,8,376,13,256,-2,0.569,-1.0,0.569,-1.0,red silhouette crosses size panel interior; leaf silhouette crosses size panel interior
DUSCLOPS,True,16,256,2,299,2,1.125,0.5,1.125,0.5,red silhouette crosses size panel interior; leaf silhouette crosses size panel interior
ROSELIA,True,3,677,20,256,-2,0.33,0.1,0.33,0.1,red silhouette crosses size panel interior; leaf silhouette crosses size panel interior
SLAKOTH,True,8,291,16,256,-2,0.48,-0.7,0.48,-0.7,red silhouette crosses size panel interior; leaf silhouette crosses size panel interior
VIGOROTH,True,14,301,1,256,-2,0.99,-0.8,0.99,-0.8,red silhouette crosses size panel interior; leaf silhouette crosses size panel interior
SLAKING,True,20,277,5,326,3,0.984,-0.2,0.984,-0.2,red silhouette crosses size panel interior; leaf silhouette crosses size panel interior
GULPIN,True,4,593,22,256,-2,0.267,-1.0,0.267,-1.0,red silhouette crosses size panel interior; leaf silhouette crosses size panel interior
SWALOT,True,17,256,5,345,4,1.176,2.0,1.176,2.0,red silhouette crosses size panel interior; leaf silhouette crosses size panel interior
TROPIUS,True,20,283,-1,371,6,1.525,0.6,1.525,0.6,red silhouette crosses size panel interior; leaf silhouette crosses size panel interior
WHISMUR,True,6,373,16,256,-2,0.462,-0.6,0.462,-0.6,red silhouette crosses size panel interior; leaf silhouette crosses size panel interior
LOUDRED,True,10,356,8,256,-2,0.745,-0.1,0.745,-0.1,red silhouette crosses size panel interior; leaf silhouette crosses size panel interior
EXPLOUD,True,15,284,1,256,-2,1.016,-0.1,1.016,-0.1,red silhouette crosses size panel interior; leaf silhouette crosses size panel interior
CLAMPERL,True,4,691,22,256,-2,0.236,-0.3,0.236,-0.3,red silhouette crosses size panel interior; leaf silhouette crosses size panel interior
HUNTAIL,True,17,307,1,256,-2,0.849,-3.8,0.849,-3.8,red silhouette crosses size panel interior; leaf silhouette crosses size panel interior
GOREBYSS,True,18,278,5,256,-2,0.753,-4.7,0.753,-4.7,red silhouette crosses size panel interior; leaf silhouette crosses size panel interior
ABSOL,True,12,301,1,256,-2,0.974,-0.8,0.974,-0.8,red silhouette crosses size panel interior; leaf silhouette crosses size panel interior
SHUPPET,True,6,440,-3,256,-2,0.413,-21.5,0.413,-21.5,red silhouette crosses size panel interior; leaf silhouette crosses size panel interior
BANETTE,True,11,262,9,256,-2,0.711,-0.5,0.711,-0.5,red silhouette crosses size panel interior; leaf silhouette crosses size panel interior
SEVIPER,True,27,275,6,256,-2,0.88,-0.7,0.88,-0.7,red silhouette crosses size panel interior; leaf silhouette crosses size panel interior
ZANGOOSE,True,13,256,2,256,-2,0.982,0.0,0.982,0.0,red silhouette crosses size panel interior; leaf silhouette crosses size panel interior
RELICANTH,True,10,316,5,256,-2,0.692,-7.0,0.692,-7.0,red silhouette crosses size panel interior; leaf silhouette crosses size panel interior
CASTFORM,True,3,435,-5,256,-2,0.332,-25.2,0.332,-25.2,red silhouette crosses size panel interior; leaf silhouette crosses size panel interior
VOLBEAT,True,7,442,-4,256,-2,0.474,-19.1,0.474,-19.1,red silhouette crosses size panel interior; leaf silhouette crosses size panel interior
ILLUMISE,True,6,572,-4,256,-2,0.374,-22.3,0.374,-22.3,red silhouette crosses size panel interior; leaf silhouette crosses size panel interior
LILEEP,True,10,305,8,256,-2,0.763,-0.0,0.763,-0.0,red silhouette crosses size panel interior; leaf silhouette crosses size panel interior
CRADILY,True,15,275,-1,269,-1,1.12,0.3,1.12,0.3,red silhouette crosses size panel interior; leaf silhouette crosses size panel interior
ANORITH,True,7,296,4,256,-2,0.755,-4.2,0.755,-4.2,red silhouette crosses size panel interior; leaf silhouette crosses size panel interior
ARMALDO,True,15,312,2,271,-1,1.011,-0.0,1.011,-0.0,red silhouette crosses size panel interior; leaf silhouette crosses size panel interior
RALTS,True,4,457,18,256,-2,0.356,-1.5,0.356,-1.5,red silhouette crosses size panel interior; leaf silhouette crosses size panel interior
KIRLIA,True,8,354,10,256,-2,0.657,-0.2,0.657,-0.2,red silhouette crosses size panel interior; leaf silhouette crosses size panel interior
GARDEVOIR,True,16,277,0,276,-1,1.141,0.9,1.141,0.9,red silhouette crosses size panel interior; leaf silhouette crosses size panel interior
BAGON,True,6,448,17,256,-2,0.416,0.0,0.416,0.0,red silhouette crosses size panel interior; leaf silhouette crosses size panel interior
SHELGON,True,11,311,10,256,-2,0.673,-0.1,0.673,-0.1,red silhouette crosses size panel interior; leaf silhouette crosses size panel interior
SALAMENCE,True,15,272,2,307,0,1.149,2.5,1.149,2.5,red silhouette crosses size panel interior; leaf silhouette crosses size panel interior
BELDUM,True,6,414,-1,256,-2,0.382,-19.5,0.382,-19.5,red silhouette crosses size panel interior; leaf silhouette crosses size panel interior
METANG,True,12,256,3,272,-2,0.927,0.8,0.927,0.8,red silhouette crosses size panel interior; leaf silhouette crosses size panel interior
METAGROSS,True,16,272,3,461,4,1.387,6.3,1.387,6.3,red silhouette crosses size panel interior; leaf silhouette crosses size panel interior
REGIROCK,True,17,256,1,309,1,1.251,2.3,1.251,2.3,red silhouette crosses size panel interior; leaf silhouette crosses size panel interior
REGICE,True,18,265,0,317,3,1.305,0.9,1.305,0.9,red silhouette crosses size panel interior; leaf silhouette crosses size panel interior
REGISTEEL,True,19,256,0,359,6,1.479,0.9,1.479,0.9,red silhouette crosses size panel interior; leaf silhouette crosses size panel interior
CHIMECHO,True,6,505,-4,256,-2,0.488,-19.8,0.488,-19.8,red silhouette crosses size panel interior; leaf silhouette crosses size panel interior
BUNEARY,True,4,479,16,256,-2,0.476,-2.3,0.476,-2.3,red silhouette crosses size panel interior; leaf silhouette crosses size panel interior
LOPUNNY,True,12,288,5,272,-2,0.979,2.7,0.979,2.7,red silhouette crosses size panel interior; leaf silhouette crosses size panel interior
OMATO,True,1,256,0,256,-2,0.655,-11.0,0.655,-11.0,default calibration: review; red silhouette crosses size panel interior; leaf silhouette crosses size panel interior
OMATOPS,True,1,256,0,256,-2,0.873,-5.0,0.873,-5.0,default calibration: review; red silhouette crosses size panel interior; leaf silhouette crosses size panel interior
STARLY,True,3,465,15,256,-2,0.39,-3.5,0.39,-3.5,red silhouette crosses size panel interior; leaf silhouette crosses size panel interior
STARAVIA,True,6,356,8,256,-2,0.68,-2.3,0.68,-2.3,red silhouette crosses size panel interior; leaf silhouette crosses size panel interior
STARAPTOR,True,12,282,0,256,-2,1.056,0.0,1.056,0.0,red silhouette crosses size panel interior; leaf silhouette crosses size panel interior
TANGROWTH,True,20,275,1,298,2,1.241,2.2,1.241,2.2,red silhouette crosses size panel interior; leaf silhouette crosses size panel interior
COMBEE,True,3,256,0,256,-2,0.6,-13.0,0.6,-13.0,default calibration: review; red silhouette crosses size panel interior; leaf silhouette crosses size panel interior
VESPIQUEN,True,12,256,0,256,-2,1.018,-2.0,1.018,-2.0,default calibration: review; red silhouette crosses size panel interior; leaf silhouette crosses size panel interior
BUDEW,True,2,610,23,256,-2,0.259,0.7,0.259,0.7,red silhouette crosses size panel interior; leaf silhouette crosses size panel interior
ROSERADE,True,9,256,0,256,-2,1.018,-3.0,1.018,-3.0,placeholder question-mark sprite; default calibration: review; red silhouette crosses size panel interior; leaf silhouette crosses size panel interior
MAGNEZONE,True,12,256,0,256,-2,0.909,-5.0,0.909,-5.0,default calibration: review; red silhouette crosses size panel interior; leaf silhouette crosses size panel interior
ELECTIVIRE,True,18,256,0,256,-2,1.145,3.0,1.145,3.0,default calibration: review; red silhouette crosses size panel interior; leaf silhouette crosses size panel interior
AMBIPOM,True,12,256,0,256,-2,1.164,3.0,1.164,3.0,default calibration: review; red silhouette crosses size panel interior; leaf silhouette crosses size panel interior
ANNIHILAPE,True,12,256,0,256,-2,1.145,2.0,1.145,2.0,default calibration: review; red silhouette crosses size panel interior; leaf silhouette crosses size panel interior
HONCHKROW,True,9,256,0,256,-2,0.964,-3.0,0.964,-3.0,default calibration: review; red silhouette crosses size panel interior; leaf silhouette crosses size panel interior
CHINGLING,True,2,256,0,256,-2,0.673,-7.0,0.673,-7.0,default calibration: review; red silhouette crosses size panel interior; leaf silhouette crosses size panel interior
BRONZOR,True,5,256,0,256,-2,0.527,-15.0,0.527,-15.0,default calibration: review; red silhouette crosses size panel interior; leaf silhouette crosses size panel interior
BRONZONG,True,13,256,0,256,-2,0.891,-3.0,0.891,-3.0,default calibration: review; red silhouette crosses size panel interior; leaf silhouette crosses size panel interior
MIME_JR,True,6,256,0,256,-2,0.873,-5.0,0.873,-5.0,default calibration: review; red silhouette crosses size panel interior; leaf silhouette crosses size panel interior
MIME_SR,True,10,256,0,256,-2,1.091,2.0,1.091,2.0,default calibration: review; red silhouette crosses size panel interior; leaf silhouette crosses size panel interior
MISMAGIUS,True,9,256,0,256,-2,1.091,1.0,1.091,1.0,default calibration: review; red silhouette crosses size panel interior; leaf silhouette crosses size panel interior
SPIRITOMB,True,10,256,0,256,-2,1.018,-1.0,1.018,-1.0,default calibration: review; red silhouette crosses size panel interior; leaf silhouette crosses size panel interior
DUSKNOIR,True,22,256,0,256,-2,1.036,1.0,1.036,1.0,default calibration: review; red silhouette crosses size panel interior; leaf silhouette crosses size panel interior
OSSCYTHE,True,10,256,0,256,-2,1.164,3.0,1.164,3.0,default calibration: review; red silhouette crosses size panel interior; leaf silhouette crosses size panel interior
RHYPERIOR,True,24,256,0,256,-2,1.145,3.0,1.145,3.0,default calibration: review; red silhouette crosses size panel interior; leaf silhouette crosses size panel interior
CINNABAR_FEEBAS,True,10,256,0,256,-2,1.018,-3.0,1.018,-3.0,placeholder question-mark sprite; default calibration: review; red silhouette crosses size panel interior; leaf silhouette crosses size panel interior
WEAVILE,True,11,256,0,256,-2,0.982,-2.0,0.982,-2.0,default calibration: review; red silhouette crosses size panel interior; leaf silhouette crosses size panel interior
MAMOSWINE,True,25,256,0,256,-2,0.945,1.0,0.945,1.0,default calibration: review; red silhouette crosses size panel interior; leaf silhouette crosses size panel interior
FROSLASS,True,13,256,0,256,-2,0.982,1.0,0.982,1.0,default calibration: review; red silhouette crosses size panel interior; leaf silhouette crosses size panel interior
MAGMORTAR,True,16,256,0,256,-2,1.145,2.0,1.145,2.0,default calibration: review; red silhouette crosses size panel interior; leaf silhouette crosses size panel interior
KABUSTAR,True,10,256,0,256,-2,1.018,-3.0,1.018,-3.0,placeholder question-mark sprite; default calibration: review; red silhouette crosses size panel interior; leaf silhouette crosses size panel interior
KABUKNIGHT,True,10,256,0,256,-2,1.018,-3.0,1.018,-3.0,placeholder question-mark sprite; default calibration: review; red silhouette crosses size panel interior; leaf silhouette crosses size panel interior
AMUNYTE,True,10,256,0,256,-2,1.018,-3.0,1.018,-3.0,placeholder question-mark sprite; default calibration: review; red silhouette crosses size panel interior; leaf silhouette crosses size panel interior
KINKABUTO,True,10,256,0,256,-2,1.018,-3.0,1.018,-3.0,placeholder question-mark sprite; default calibration: review; red silhouette crosses size panel interior; leaf silhouette crosses size panel interior
AEROPTERYX,True,10,256,0,256,-2,1.018,-3.0,1.018,-3.0,placeholder question-mark sprite; default calibration: review; red silhouette crosses size panel interior; leaf silhouette crosses size panel interior
PORYGON_Z,True,9,256,0,256,-2,0.927,-2.0,0.927,-2.0,default calibration: review; red silhouette crosses size panel interior; leaf silhouette crosses size panel interior
LEAFEON,True,10,256,0,256,-2,0.909,-1.0,0.909,-1.0,default calibration: review; red silhouette crosses size panel interior; leaf silhouette crosses size panel interior
GLACEON,True,8,256,0,256,-2,0.964,1.0,0.964,1.0,default calibration: review; red silhouette crosses size panel interior; leaf silhouette crosses size panel interior
SYLVEON,True,10,256,0,256,-2,0.982,-1.0,0.982,-1.0,default calibration: review; red silhouette crosses size panel interior; leaf silhouette crosses size panel interior
FARFETCHD_GALARIAN,True,8,256,0,256,-2,1.018,-3.0,1.018,-3.0,placeholder question-mark sprite; default calibration: review; red silhouette crosses size panel interior; leaf silhouette crosses size panel interior
TYNAMO,True,2,256,0,256,-2,0.309,-20.0,0.309,-20.0,default calibration: review; red silhouette crosses size panel interior; leaf silhouette crosses size panel interior
EELEKTRIK,True,12,256,0,256,-2,1.145,3.0,1.145,3.0,default calibration: review; red silhouette crosses size panel interior; leaf silhouette crosses size panel interior
EELEKTROSS,True,21,256,0,256,-2,0.891,1.0,0.891,1.0,default calibration: review; red silhouette crosses size panel interior; leaf silhouette crosses size panel interior
RATTATA_ALOLAN,True,3,256,0,256,-2,1.018,-3.0,1.018,-3.0,placeholder question-mark sprite; default calibration: review; red silhouette crosses size panel interior; leaf silhouette crosses size panel interior
RATICATE_ALOLAN,True,7,256,0,256,-2,1.018,-3.0,1.018,-3.0,placeholder question-mark sprite; default calibration: review; red silhouette crosses size panel interior; leaf silhouette crosses size panel interior
PICHU_ALOLAN,True,10,256,0,256,-2,1.018,-3.0,1.018,-3.0,placeholder question-mark sprite; default calibration: review; red silhouette crosses size panel interior; leaf silhouette crosses size panel interior
PIKACHU_ALOLAN,True,10,256,0,256,-2,1.018,-3.0,1.018,-3.0,placeholder question-mark sprite; default calibration: review; red silhouette crosses size panel interior; leaf silhouette crosses size panel interior
RAICHU_ALOLAN,True,7,256,0,256,-2,1.018,-3.0,1.018,-3.0,placeholder question-mark sprite; default calibration: review; red silhouette crosses size panel interior; leaf silhouette crosses size panel interior
SANDSHREW_ALOLAN,True,7,256,0,256,-2,1.018,-3.0,1.018,-3.0,placeholder question-mark sprite; default calibration: review; red silhouette crosses size panel interior; leaf silhouette crosses size panel interior
SANDSLASH_ALOLAN,True,12,256,0,256,-2,1.018,-3.0,1.018,-3.0,placeholder question-mark sprite; default calibration: review; red silhouette crosses size panel interior; leaf silhouette crosses size panel interior
DIGLETT_ALOLAN,True,2,256,0,256,-2,1.018,-3.0,1.018,-3.0,placeholder question-mark sprite; default calibration: review; red silhouette crosses size panel interior; leaf silhouette crosses size panel interior
DUGTRIO_ALOLAN,True,7,256,0,256,-2,1.018,-3.0,1.018,-3.0,placeholder question-mark sprite; default calibration: review; red silhouette crosses size panel interior; leaf silhouette crosses size panel interior
MEOWTH_ALOLAN,True,4,256,0,256,-2,1.018,-3.0,1.018,-3.0,placeholder question-mark sprite; default calibration: review; red silhouette crosses size panel interior; leaf silhouette crosses size panel interior
PERSIAN_ALOLAN,True,11,256,0,256,-2,1.018,-3.0,1.018,-3.0,placeholder question-mark sprite; default calibration: review; red silhouette crosses size panel interior; leaf silhouette crosses size panel interior
MEOWTH_GALARIAN,True,4,256,0,256,-2,1.018,-3.0,1.018,-3.0,placeholder question-mark sprite; default calibration: review; red silhouette crosses size panel interior; leaf silhouette crosses size panel interior
PERRSERKER,True,8,256,0,256,-2,1.018,-3.0,1.018,-3.0,placeholder question-mark sprite; default calibration: review; red silhouette crosses size panel interior; leaf silhouette crosses size panel interior
GEODUDE_ALOLAN,True,4,256,0,256,-2,1.018,-3.0,1.018,-3.0,placeholder question-mark sprite; default calibration: review; red silhouette crosses size panel interior; leaf silhouette crosses size panel interior
GRAVELER_ALOLAN,True,10,256,0,256,-2,1.018,-3.0,1.018,-3.0,placeholder question-mark sprite; default calibration: review; red silhouette crosses size panel interior; leaf silhouette crosses size panel interior
GOLEM_ALOLAN,True,17,256,0,256,-2,1.018,-3.0,1.018,-3.0,placeholder question-mark sprite; default calibration: review; red silhouette crosses size panel interior; leaf silhouette crosses size panel interior
GRIMER_ALOLAN,True,7,256,0,256,-2,1.018,-3.0,1.018,-3.0,placeholder question-mark sprite; default calibration: review; red silhouette crosses size panel interior; leaf silhouette crosses size panel interior
MUK_ALOLAN,True,10,256,0,256,-2,1.018,-3.0,1.018,-3.0,placeholder question-mark sprite; default calibration: review; red silhouette crosses size panel interior; leaf silhouette crosses size panel interior
VULPIX_ALOLAN,True,6,256,0,256,-2,1.018,-3.0,1.018,-3.0,placeholder question-mark sprite; default calibration: review; red silhouette crosses size panel interior; leaf silhouette crosses size panel interior
NINETALES_ALOLAN,True,11,256,0,256,-2,1.018,-3.0,1.018,-3.0,placeholder question-mark sprite; default calibration: review; red silhouette crosses size panel interior; leaf silhouette crosses size panel interior
EXEGGCUTE_ALOLAN,True,10,256,0,256,-2,1.018,-3.0,1.018,-3.0,placeholder question-mark sprite; default calibration: review; red silhouette crosses size panel interior; leaf silhouette crosses size panel interior
EXEGGUTOR_ALOLAN,True,109,256,0,256,-2,1.018,-3.0,1.018,-3.0,placeholder question-mark sprite; default calibration: review; red silhouette crosses size panel interior; leaf silhouette crosses size panel interior
CUBONE_ALOLAN,True,10,256,0,256,-2,1.018,-3.0,1.018,-3.0,placeholder question-mark sprite; default calibration: review; red silhouette crosses size panel interior; leaf silhouette crosses size panel interior
MAROWAK_ALOLAN,True,10,256,0,256,-2,1.018,-3.0,1.018,-3.0,placeholder question-mark sprite; default calibration: review; red silhouette crosses size panel interior; leaf silhouette crosses size panel interior
CORSOLA_GALARIAN,True,6,256,0,256,-2,1.018,-3.0,1.018,-3.0,placeholder question-mark sprite; default calibration: review; red silhouette crosses size panel interior; leaf silhouette crosses size panel interior
CURSOLA,True,10,256,0,256,-2,1.018,-3.0,1.018,-3.0,placeholder question-mark sprite; default calibration: review; red silhouette crosses size panel interior; leaf silhouette crosses size panel interior
KOFFING_GALARIAN,True,10,256,0,256,-2,1.018,-3.0,1.018,-3.0,placeholder question-mark sprite; default calibration: review; red silhouette crosses size panel interior; leaf silhouette crosses size panel interior
WEEZING_GALARIAN,True,30,256,0,256,-2,1.018,-3.0,1.018,-3.0,placeholder question-mark sprite; default calibration: review; red silhouette crosses size panel interior; leaf silhouette crosses size panel interior
KRICKETOT,True,3,465,15,256,-2,0.43,-2.4,0.43,-2.4,red silhouette crosses size panel interior; leaf silhouette crosses size panel interior
KRICKETUNE,True,10,305,1,256,-2,0.839,-4.5,0.839,-4.5,red silhouette crosses size panel interior; leaf silhouette crosses size panel interior
HAPPINY,True,6,356,17,256,-2,0.497,1.7,0.497,1.7,red silhouette crosses size panel interior; leaf silhouette crosses size panel interior
LICKILICKY,True,17,282,1,256,0,1.007,-1.9,1.007,-1.9,red silhouette crosses size panel interior; leaf silhouette crosses size panel interior
GALLADE,True,16,277,0,276,-1,1.159,1.8,1.159,1.8,red silhouette crosses size panel interior; leaf silhouette crosses size panel interior
