START	1
END	1	1	HP 17	LV 11
START	2
END	2	1	HP 7	LV 11
START	3
END	3	1	HP 3	LV 11
START	4
END	4	5	HP 3	LV 11
START	5
END	5	5	HP 3	LV 11
START	6
END	6	5	HP 3	LV 11
START	7
END	7	5	HP 3	LV 11
START	8
END	8	1	HP 0	LV 12
START	9
END	9	1	HP 26	LV 13
START	10
END	10	1	HP 34	LV 14
START	11
END	11	1	HP 30	LV 14
START	12
END	12	1	HP 27	LV 14
START	13
END	13	1	HP 27	LV 14
START	14
END	14	1	HP 22	LV 14
START	15
END	15	1	HP 18	LV 15
START	16
END	16	1	HP 18	LV 15
START	17
END	17	5	HP 18	LV 15
START	18
END	18	5	HP 18	LV 15
START	19
END	19	5	HP 18	LV 15
START	20
END	20	5	HP 18	LV 15
START	21
END	21	5	HP 18	LV 15
START	22
END	22	5	HP 18	LV 15
START	23
END	23	5	HP 18	LV 15
START	24
END	24	5	HP 18	LV 15
START	25
END	25	1	HP 32	LV 14
START	26
END	26	1	HP 28	LV 14
START	27
END	27	1	HP 24	LV 14
START	28
END	28	1	HP 22	LV 14
START	29
END	29	1	HP 18	LV 14
START	30
END	30	1	HP 18	LV 14
START	31
END	31	1	HP 20	LV 15
START	32
END	32	1	HP 16	LV 15
START	33
END	33	5	HP 16	LV 15
START	34
END	34	5	HP 16	LV 15
START	35
END	35	5	HP 16	LV 15
START	36
END	36	1	HP 33	LV 16
START	37
END	37	2	HP 48	LV 16
START	38
END	38	2	HP 48	LV 16
START	39
END	39	2	HP 50	LV 17
START	40
END	40	7	HP 50	LV 17
START	41
END	41	1	HP 50	LV 17
START	42
END	42	7	HP 22	LV 10
START	43
END	43	7	HP 29	LV 10
START	44
END	44	7	HP 26	LV 11
START	45
END	45	1	HP 0	LV 23
START	46
END	46	1	HP 0	LV 23
START	47
END	47	2	HP 68	LV 23
START	48
END	48	1	HP 24	LV 20
START	49
END	49	1	HP 28	LV 21
START	50
END	50	1	HP 48	LV 21
START	51
END	51	1	HP 0	LV 21
START	52
END	52	4	HP 64	LV 24
START	53
END	53	2	HP 71	LV 24
START	54
END	54	4	HP 71	LV 24
START	55
END	55	5	HP 59	LV 21
START	56
END	56	5	HP 59	LV 21
START	57
END	57	1	HP 21	LV 21
START	58
END	58	5	HP 21	LV 21
START	59
END	59	1	HP 0	LV 21
START	60
END	60	4	HP 0	LV 21
START	61
END	61	4	HP 0	LV 21
START	62
END	62	5	HP 29	LV 21
START	63
END	63	1	HP 32	LV 22
START	64
END	64	1	HP 44	LV 22
START	65
END	65	5	HP 44	LV 22
START	66
END	66	5	HP 44	LV 22
START	67
END	67	5	HP 44	LV 22
START	68
END	68	5	HP 44	LV 22
START	69
END	69	5	HP 44	LV 22
START	70
END	70	1	HP 42	LV 24
START	71
END	71	1	HP 36	LV 25
START	72
END	72	1	HP 34	LV 25
START	73
END	73	5	HP 69	LV 25
START	74
END	74	1	HP 69	LV 25
START	75
END	75	5	HP 69	LV 25
START	76
END	76	1	HP 54	LV 25
START	77
END	77	5	HP 69	LV 25
START	78
END	78	1	HP 62	LV 26
START	79
END	79	5	HP 62	LV 26
START	80
END	80	1	HP 68	LV 26
START	81
END	81	2	HP 71	LV 26
START	82
END	82	5	HP 71	LV 26
START	83
END	83	1	HP 71	LV 26
START	84
END	84	1	HP 65	LV 27
START	85
END	85	1	HP 74	LV 27
START	86
END	86	1	HP 70	LV 28
START	87
END	87	1	HP 70	LV 28
START	88
END	88	5	HP 76	LV 28
START	89
END	89	5	HP 76	LV 28
START	90
END	90	5	HP 76	LV 28
START	91
END	91	5	HP 76	LV 28
START	92
END	92	1	HP 67	LV 28
START	93
END	93	1	HP 53	LV 28
START	94
END	94	1	HP 79	LV 29
START	95
END	95	5	HP 79	LV 29
START	96
END	96	5	HP 79	LV 29
START	97
END	97	5	HP 79	LV 29
START	98
END	98	5	HP 79	LV 29
START	99
END	99	5	HP 79	LV 29
START	100
END	100	5	HP 79	LV 29
START	101
END	101	5	HP 79	LV 29
START	102
END	102	5	HP 79	LV 29
START	103
END	103	5	HP 79	LV 29
START	104
END	104	5	HP 79	LV 29
START	105
END	105	5	HP 79	LV 29
START	106
END	106	5	HP 79	LV 29
START	107
END	107	5	HP 79	LV 29
START	108
END	108	5	HP 79	LV 29
START	109
END	109	7	HP 78	LV 29
START	110
END	110	2	HP 79	LV 29
START	111
END	111	7	HP 36	LV 29
START	112
END	112	4	HP 84	LV 27
START	113
END	113	1	HP 84	LV 27
START	114
END	114	4	HP 84	LV 27
START	115
END	115	1	HP 84	LV 27
START	116
END	116	1	HP 84	LV 27
START	117
END	117	4	HP 84	LV 27
START	118
END	118	4	HP 84	LV 27
START	119
END	119	4	HP 84	LV 27
START	120
END	120	4	HP 84	LV 27
START	121
END	121	4	HP 84	LV 27
START	122
END	122	4	HP 84	LV 27
START	123
END	123	4	HP 84	LV 27
START	124
END	124	4	HP 84	LV 27
START	125
END	125	4	HP 84	LV 27
START	126
END	126	2	HP 84	LV 27
START	127
END	127	4	HP 84	LV 27
START	128
END	128	1	HP 39	LV 28
START	129
END	129	4	HP 39	LV 28
START	130
END	130	4	HP 39	LV 28
START	131
END	131	4	HP 39	LV 28
START	132
END	132	1	HP 39	LV 28
START	133
END	133	4	HP 39	LV 28
START	134
END	134	4	HP 39	LV 28
START	135
END	135	1	HP 39	LV 28
START	136
END	136	4	HP 39	LV 28
START	137
END	137	4	HP 39	LV 28
START	138
END	138	4	HP 39	LV 28
START	139
END	139	4	HP 39	LV 28
START	140
END	140	1	HP 39	LV 28
START	141
END	141	4	HP 39	LV 28
START	142
END	142	4	HP 39	LV 28
START	143
END	143	1	HP 39	LV 28
START	144
END	144	4	HP 39	LV 28
START	145
END	145	4	HP 39	LV 28
START	146
END	146	4	HP 39	LV 28
START	147
END	147	1	HP 0	LV 28
START	148
END	148	1	HP 0	LV 28
START	149
END	149	1	HP 0	LV 28
START	150
END	150	1	HP 0	LV 28
START	151
END	151	1	HP 54	LV 28
START	152
END	152	1	HP 33	LV 29
START	153
END	153	7	HP 33	LV 29
START	154
END	154	4	HP 33	LV 29
START	155
END	155	4	HP 90	LV 29
START	156
END	156	1	HP 34	LV 29
START	157
END	157	4	HP 34	LV 29
START	158
END	158	1	HP 14	LV 30
START	159
END	159	1	HP 0	LV 30
START	160
END	160	1	HP 0	LV 30
START	161
END	161	1	HP 0	LV 30
START	162
END	162	1	HP 0	LV 30
START	163
END	163	1	HP 72	LV 30
START	164
END	164	2	HP 72	LV 30
START	165
END	165	1	HP 57	LV 32
START	166
END	166	1	HP 60	LV 33
START	167
END	167	1	HP 49	LV 33
START	168
END	168	1	HP 57	LV 33
START	169
END	169	1	HP 61	LV 34
START	170
END	170	1	HP 61	LV 34
START	171
END	171	5	HP 61	LV 34
START	172
END	172	1	HP 61	LV 34
START	173
END	173	5	HP 105	LV 34
START	174
END	174	1	HP 105	LV 34
START	175
END	175	5	HP 105	LV 34
START	176
END	176	5	HP 105	LV 34
START	177
END	177	1	HP 86	LV 35
START	178
END	178	1	HP 86	LV 35
START	179
END	179	5	HP 86	LV 35
START	180
END	180	1	HP 86	LV 35
START	181
END	181	1	HP 86	LV 35
START	182
END	182	5	HP 86	LV 35
START	183
END	183	5	HP 86	LV 35
START	184
END	184	5	HP 108	LV 35
START	185
END	185	5	HP 108	LV 35
START	186
END	186	1	HP 107	LV 36
START	187
END	187	2	HP 110	LV 36
